Area FIPs,County,own_code,industry_code,agglvl_code,size_code,Year,Annual Average Number of Workers Employed,Total Annual Wages,Taxable Annual Wages,Annual Contributions,Annual Average Weekly Wage,Average Annual Pay,Over-the-Year Total Annual Wages Change,Over-the-Year Total Annual Wages Percent Change,Over-the-Year Taxable Annual Wages Change,Over-the-Year Taxable Annual Wages Percent Change,Median Household Income,Median Household Income Margin of Error,Percent of Adults with Bachelors or Higher
6001,Alameda County,0,10,70,0,2013,677978,43074236141,4747991925,246595851,1222,63533,1142284676,2.7,156595552,3.4,72112,791.0,41.8
6003,Alpine County,0,10,70,0,2013,532,28483109,3339636,194842,1029,53531,-3411739,-10.7,-2055846,-38.1,58636,4440.0,31.2
6011,Colusa County,0,10,70,0,2013,8706,319147169,66120790,3819768,705,36659,15056925,5.0,-255158,-0.4,52158,3015.0,13.8
6059,Orange County,0,10,70,0,2013,1440967,79403829868,10942519830,561204559,1060,55105,1696598588,2.2,261202351,2.4,75422,509.0,36.8
6055,Napa County,0,10,70,0,2013,70178,3304590768,504010166,26690562,906,47089,162614311,5.2,27491991,5.8,70443,1994.0,31.3
6057,Nevada County,0,10,70,0,2013,28443,1141428751,183657789,9537143,772,40131,-573941,-0.1,2367866,1.3,57353,2119.0,32.3
6051,Mono County,0,10,70,0,2013,6548,224231172,46596829,2529207,659,34244,10314271,4.8,2382475,5.4,61757,6003.0,29.8
6049,Modoc County,0,10,70,0,2013,2604,87406108,15031919,811185,646,33571,885551,1.0,1042556,7.5,36212,4104.0,18.7
6089,Shasta County,0,10,70,0,2013,59738,2251483594,369719966,19743928,725,37689,18721799,0.8,946911,0.3,44651,1324.0,18.8
6053,Monterey County,0,10,70,0,2013,174519,7296900305,1301712227,71080437,804,41812,209235664,3.0,40848245,3.2,59168,1037.0,23.0
6091,Sierra County,0,10,70,0,2013,560,20880657,3499880,189221,717,37309,-1451826,-6.5,-542267,-13.4,39009,7590.999999999999,18.5
6013,Contra Costa County,0,10,70,0,2013,332623,20241658119,2356552020,121438049,1170,60855,786547498,4.0,59354322,2.6,78756,1124.0,39.0
6095,Solano County,0,10,70,0,2013,124953,6304235405,770841002,40329329,970,50453,323875020,5.4,18500728,2.5,67177,1361.0,24.3
6017,El Dorado County,0,10,70,0,2013,48777,2068885901,316825476,16632461,816,42415,111631761,5.7,11080198,3.6,69297,2006.0,32.0
6093,Siskiyou County,0,10,70,0,2013,12525,428181090,74169699,3979202,657,34187,3006190,0.7,909024,1.2,37709,1621.0,23.9
6015,Del Norte County,0,10,70,0,2013,7887,275362321,34880747,1902052,671,34913,-3072154,-1.1,372608,1.1,37909,4058.000000000001,14.0
6099,Stanislaus County,0,10,70,0,2013,168543,6860938848,1153949209,61151156,783,40707,192999706,2.9,35657820,3.2,49297,890.0,16.4
6101,Sutter County,0,10,70,0,2013,27298,986278579,192840107,10523255,695,36130,24017367,2.5,2438601,1.3,50408,1606.0,18.7
6061,Placer County,0,10,70,0,2013,137344,6637333429,964611236,50274404,929,48326,374742215,6.0,49683521,5.4,72725,1421.0,35.1
6047,Merced County,0,10,70,0,2013,72444,2608894153,482314790,25216971,693,36013,76239349,3.0,19176256,4.1,42591,1310.0,12.6
6019,Fresno County,0,10,70,0,2013,349193,13318693380,2422148393,129815475,733,38141,477328001,3.7,116856014,5.1,45563,638.0,19.6
6109,Tuolumne County,0,10,70,0,2013,16097,606797841,88838789,4787601,725,37695,-14062641,-2.3,1769872,2.0,48426,1886.0,19.5
6083,Santa Barbara County,0,10,70,0,2013,185617,8675329331,1245719953,61368415,899,46738,121366993,1.4,662544,0.1,62779,1294.0,31.3
6025,Imperial County,0,10,70,0,2013,60350,2115257052,361624715,19607390,674,35050,33290774,1.6,4826138,1.4,41807,1164.0,13.3
6065,Riverside County,0,10,70,0,2013,595809,23544682000,3924617620,201094155,760,39517,1162710494,5.2,184403739,4.9,56529,574.0,20.5
6103,Tehama County,0,10,70,0,2013,15826,576570458,105329479,5829308,701,36432,22380162,4.0,1185967,1.1,41924,2013.0,13.5
6063,Plumas County,0,10,70,0,2013,5961,228141587,32961377,1843665,736,38271,1344131,0.6,-324203,-1.0,45794,3583.0,22.6
6081,San Mateo County,0,10,70,0,2013,356563,36879722079,2827997703,146293833,1989,103431,1769308610,5.0,195029711,7.4,88202,1719.0,44.4
6023,Humboldt County,0,10,70,0,2013,45520,1615738336,263155366,13478416,683,35495,38182043,2.4,-4140398,-1.5,41426,1300.0,27.5
6021,Glenn County,0,10,70,0,2013,8314,292071911,56084926,3025932,676,35132,7832225,2.8,44364,0.1,43023,4770.0,14.6
6087,Santa Cruz County,0,10,70,0,2013,96026,4324514130,664938043,34241221,866,45035,168526863,4.1,18216943,2.8,66519,1915.0,37.0
6085,Santa Clara County,0,10,70,0,2013,938114,92475629194,7011388409,365692315,1896,98576,5853464140,6.8,375461716,5.7,91702,705.0,46.5
6067,Sacramento County,0,10,70,0,2013,601465,32593743543,3286300049,172072214,1042,54191,780985509,2.5,77510104,2.4,55064,512.0,28.0
6043,Mariposa County,0,10,70,0,2013,5115,165642730,29295570,1659135,623,32387,-1173992,-0.7,645092,2.3,49820,5755.0,21.3
6045,Mendocino County,0,10,70,0,2013,30801,1055440359,191625985,9740657,659,34266,30312136,3.0,4654622,2.5,43469,1647.0,22.0
6029,Kern County,0,10,70,0,2013,304479,12989928130,2236340867,119177248,820,42663,393452525,3.1,132952490,6.3,48552,697.0,15.0
6027,Inyo County,0,10,70,0,2013,7393,282133527,42425310,2099486,734,38163,2571513,0.9,766786,1.8,44796,2174.0,21.4
6077,San Joaquin County,0,10,70,0,2013,211786,8654872199,1435991033,76873363,786,40866,246804193,2.9,41355364,3.0,53380,761.0,18.1
6031,Kings County,0,10,70,0,2013,41530,1562352809,234373751,12352917,723,37620,35761797,2.3,2893882,1.3,48133,1384.0,12.9
6073,San Diego County,0,10,70,0,2013,1304320,71523064651,8667259749,444566636,1055,54836,2636143035,3.8,309147684,3.7,62962,410.0,34.6
6079,San Luis Obispo County,0,10,70,0,2013,107189,4349755046,704173398,35005324,780,40580,164371109,3.9,18681236,2.7,58697,1282.0,31.5
6075,San Francisco County,0,10,70,0,2013,611717,52477706483,4537041445,234663902,1650,85788,3529733102,7.2,177121886,4.1,75604,976.0,52.4
6033,Lake County,0,10,70,0,2013,14809,498580020,94009805,5034084,647,33668,6902976,1.4,-2365861,-2.5,36548,2344.0,16.2
6071,San Bernardino County,0,10,70,0,2013,630694,26051784583,4065014306,207188952,794,41307,780208262,3.1,99769889,2.5,54090,511.00000000000006,18.7
6107,Tulare County,0,10,70,0,2013,147849,5040660863,1074082711,56881639,656,34093,203037435,4.2,50141818,4.9,42708,896.0,13.3
6035,Lassen County,0,10,70,0,2013,10111,419295708,36631161,1984863,798,41470,-12329664,-2.9,359006,1.0,53107,2579.0,13.1
6105,Trinity County,0,10,70,0,2013,2649,87808384,13515193,741668,637,33147,654346,0.8,578977,4.5,36890,4322.0,21.3
6041,Marin County,0,10,70,0,2013,108850,6468579591,774453271,38326882,1143,59427,219416999,3.5,9168013,1.2,90839,2396.0,54.6
6097,Sonoma County,0,10,70,0,2013,184245,8367763749,1290306118,65894051,873,45416,377561147,4.7,65063680,5.3,63356,1036.0,32.2
6037,Los Angeles County,0,10,70,0,2013,4073405,223874252860,29016447224,1465106567,1057,54960,3108764533,1.4,689302082,2.4,55909,256.0,29.7
6005,Amador County,0,10,70,0,2013,11195,446280877,58608390,3073206,767,39866,9106121,2.1,1816057,3.2,53684,3619.0,19.3
6115,Yuba County,0,10,70,0,2013,16231,692807632,72516021,3888795,821,42685,5214090,0.8,996311,1.4,44902,2025.0,13.7
6009,Calaveras County,0,10,70,0,2013,7859,276847800,45593679,2371203,677,35225,9044197,3.4,2384946,5.5,55295,2657.0,21.2
6007,Butte County,0,10,70,0,2013,74186,2706108885,434582150,22771912,701,36477,99855310,3.8,18854035,4.5,43752,1016.0,24.4
6113,Yolo County,0,10,70,0,2013,92896,4677342000,526543694,27706293,968,50351,143853688,3.2,8947517,1.7,55918,2010.0,37.9
6111,Ventura County,0,10,70,0,2013,309935,15641094438,2274809764,116034607,970,50466,298687058,1.9,66977810,3.0,76544,758.0,31.4
6039,Madera County,0,10,70,0,2013,47021,1733869093,340960315,17798803,709,36874,75274788,4.5,28621191,9.2,45625,2264.0,13.6
6069,San Benito County,0,10,70,0,2013,15139,596747113,115559477,6226652,758,39417,34377550,6.1,7874730,7.3,66237,3175.0,18.2
6019,Fresno County,0,10,70,0,2014,354646,13946312469,2446200987,129588812,756,39325,627619089,4.7,24052594,1.0,45201,713.0,19.5
6047,Merced County,0,10,70,0,2014,74370,2740525447,496307250,25363617,709,36850,131631294,5.0,13992460,2.9,43066,1381.0,13.0
6093,Siskiyou County,0,10,70,0,2014,12796,450431085,77196401,4115833,677,35200,22249995,5.2,3026702,4.1,37495,1719.0,24.0
6095,Solano County,0,10,70,0,2014,127175,6587005351,789465097,40297755,996,51795,282769946,4.5,18624095,2.4,67341,1369.0,24.3
6015,Del Norte County,0,10,70,0,2014,7775,272377438,34378727,1835825,674,35035,-2984883,-1.1,-502020,-1.4,39302,4825.0,16.0
6013,Contra Costa County,0,10,70,0,2014,339281,21008403382,2455441660,123515495,1191,61920,766745263,3.8,98889640,4.2,79799,955.0,39.4
6039,Madera County,0,10,70,0,2014,48360,1813811918,349702035,18019248,721,37507,79942825,4.6,8741720,2.6,45490,1912.0,13.5
6031,Kings County,0,10,70,0,2014,43171,1675319791,246111939,12548307,746,38807,112966982,7.2,11738188,5.0,47341,1550.0,12.5
6071,San Bernardino County,0,10,70,0,2014,659116,27711027547,4392577516,220314694,809,42043,1659242964,6.4,327563210,8.1,54100,452.0,18.8
6029,Kern County,0,10,70,0,2014,311992,13645479167,2291612866,122592877,841,43737,655551037,5.0,55271999,2.5,48574,913.0,15.2
6075,San Francisco County,0,10,70,0,2014,640378,58836015201,5005663208,253313071,1767,91877,6358308718,12.1,468621763,10.3,78378,1490.0,52.9
6045,Mendocino County,0,10,70,0,2014,31281,1084485761,195437079,9696372,667,34669,29045402,2.8,3811094,2.0,43290,1704.0,22.5
6043,Mariposa County,0,10,70,0,2014,5171,172095711,29822970,1693069,640,33284,6452981,3.9,527400,1.8,50560,3962.0,22.4
6067,Sacramento County,0,10,70,0,2014,612685,33923394367,3457568366,175366391,1065,55368,1329650824,4.1,171268317,5.2,55615,606.0,28.2
6079,San Luis Obispo County,0,10,70,0,2014,110345,4563449664,745063281,36047328,795,41356,213694618,4.9,40889883,5.8,59454,1455.0,32.1
6077,San Joaquin County,0,10,70,0,2014,217755,9058024661,1475023735,77456247,800,41597,403152462,4.7,39032702,2.7,53253,679.0,18.1
6073,San Diego County,0,10,70,0,2014,1332960,75393332635,9009373143,451297127,1088,56561,3870267984,5.4,342113394,3.9,63996,576.0,35.1
6103,Tehama County,0,10,70,0,2014,16432,618639540,110102521,5998897,724,37650,42069082,7.3,4773042,4.5,42369,1978.0,14.1
6063,Plumas County,0,10,70,0,2014,6014,234951015,34299336,1934048,751,39070,6809428,3.0,1337959,4.1,48032,3968.0,22.7
6023,Humboldt County,0,10,70,0,2014,45685,1656402383,269014407,13516243,697,36257,40664047,2.5,5859041,2.2,42153,1275.0,27.5
6021,Glenn County,0,10,70,0,2014,8331,299189409,57409200,3032390,691,35915,7117498,2.4,1324274,2.4,40106,4665.0,15.7
6109,Tuolumne County,0,10,70,0,2014,16751,649478309,91287349,4811691,746,38772,42680468,7.0,2448560,2.8,48493,1823.0,19.8
6027,Inyo County,0,10,70,0,2014,7358,296914309,42086419,2070441,776,40352,14780782,5.2,-338891,-0.8,45625,2684.0,21.4
6025,Imperial County,0,10,70,0,2014,62959,2198553471,396007332,21192562,672,34920,83296419,3.9,34382617,9.5,41772,1696.0,13.4
6081,San Mateo County,0,10,70,0,2014,372192,37769978404,3038824401,151811786,1952,101480,890256325,2.4,210826698,7.5,91421,1320.0,45.0
6085,Santa Clara County,0,10,70,0,2014,973668,102606999591,7883173213,394219588,2027,105382,10131370397,11.0,871784804,12.4,93854,745.0,47.3
6083,Santa Barbara County,0,10,70,0,2014,190544,9109761784,1297333705,62141904,919,47809,434432453,5.0,51613752,4.1,63409,1372.0,31.4
6017,El Dorado County,0,10,70,0,2014,49782,2166560349,335904563,17508302,837,43521,97674448,4.7,19079087,6.0,68507,2109.0,32.1
6051,Mono County,0,10,70,0,2014,6480,225413106,46500847,2539762,669,34786,1181934,0.5,-95982,-0.2,61814,5460.0,33.3
6011,Colusa County,0,10,70,0,2014,8770,339453366,68083255,3873870,744,38706,20306197,6.4,1962465,3.0,50503,3403.0,14.3
6089,Shasta County,0,10,70,0,2014,61657,2379867954,386027838,20251301,742,38599,128384360,5.7,16307872,4.4,44556,1108.0,19.1
6053,Monterey County,0,10,70,0,2014,180247,7665170640,1399081043,75590157,818,42526,368270335,5.0,97368816,7.5,58582,983.0,23.1
6049,Modoc County,0,10,70,0,2014,2569,88427947,14290509,763294,662,34428,1021839,1.2,-741410,-4.9,38560,3271.0,18.5
6057,Nevada County,0,10,70,0,2014,28861,1180398297,190789879,9735834,787,40900,38969546,3.4,7132090,3.9,56949,2464.0,32.8
6055,Napa County,0,10,70,0,2014,72568,3496974081,529942235,27480211,927,48189,192383313,5.8,25932069,5.1,70925,2288.0,31.9
6059,Orange County,0,10,70,0,2014,1472171,83577155495,11382927304,569903295,1092,56771,4173325627,5.3,440407474,4.0,75998,548.0,37.3
6003,Alpine County,0,10,70,0,2014,527,28806379,3307884,186884,1050,54618,323270,1.1,-31752,-1.0,61343,4265.0,30.5
6001,Alameda County,0,10,70,0,2014,698536,45916774437,5009996396,252756431,1264,65733,2842538296,6.6,262004471,5.5,73775,762.0,42.1
6105,Trinity County,0,10,70,0,2014,2648,90535592,13382794,716466,657,34188,2727208,3.1,-132399,-1.0,36862,5463.0,22.0
6035,Lassen County,0,10,70,0,2014,10141,427811174,37497702,1997411,811,42185,8515466,2.0,866541,2.4,53351,3363.0,12.9
6041,Marin County,0,10,70,0,2014,110424,6841089658,795162041,38386848,1191,61953,372510067,5.8,20708770,2.7,91529,2681.0,54.8
6033,Lake County,0,10,70,0,2014,15325,520041885,95154744,5008110,653,33935,21461865,4.3,1144939,1.2,35997,2154.0,16.2
6007,Butte County,0,10,70,0,2014,76135,2819921702,447121460,22929009,712,37039,113812817,4.2,12539310,2.9,43165,1130.0,25.0
6091,Sierra County,0,10,70,0,2014,564,22256977,3633717,190921,759,39445,1376320,6.6,133837,3.8,43107,7027.000000000001,19.0
6005,Amador County,0,10,70,0,2014,11335,462774393,61492054,3172507,785,40826,16493516,3.7,2883664,4.9,52964,3595.0,20.5
6009,Calaveras County,0,10,70,0,2014,8069,289212091,47126791,2398313,689,35841,12364291,4.5,1533112,3.4,54936,3175.0,21.1
6115,Yuba County,0,10,70,0,2014,16308,713657736,70614948,3699970,842,43763,20850104,3.0,-1901073,-2.6,45470,1777.0,14.2
6065,Riverside County,0,10,70,0,2014,625942,25264903386,4251335144,214356695,776,40363,1720221386,7.3,326717524,8.3,56592,523.0,20.8
6107,Tulare County,0,10,70,0,2014,148560,5235989793,1079706097,56708940,678,35245,195328930,3.9,5623386,0.5,42863,901.0,13.3
6037,Los Angeles County,0,10,70,0,2014,4154640,235389106883,30314170646,1486897123,1090,56657,11514854023,5.1,1297723422,4.5,55870,244.0,29.9
6097,Sonoma County,0,10,70,0,2014,191686,8899701474,1345306655,66669485,893,46428,531937725,6.4,55000537,4.3,63799,1179.0,32.6
6111,Ventura County,0,10,70,0,2014,313766,16280065957,2347982744,116930972,998,51886,638971519,4.1,73172980,3.2,77335,779.0,31.6
6069,San Benito County,0,10,70,0,2014,15901,653995532,120317684,6351610,791,41130,57248419,9.6,4758207,4.1,67874,2626.0,19.0
6113,Yolo County,0,10,70,0,2014,94257,4949497192,553456391,28597677,1010,52511,272155192,5.8,26912697,5.1,55508,1754.0,38.3
6061,Placer County,0,10,70,0,2014,142126,7099089894,1004166838,51569926,961,49949,461756465,7.0,39555602,4.1,73747,1204.0,35.7
6087,Santa Cruz County,0,10,70,0,2014,97732,4364055235,684044817,34459298,859,44653,39541105,0.9,19106774,2.9,66923,1815.0,37.5
6101,Sutter County,0,10,70,0,2014,27781,1041436439,199583592,10845464,721,37488,55157860,5.6,6743485,3.5,51527,1534.0,18.5
6099,Stanislaus County,0,10,70,0,2014,172907,7198779149,1190380316,61498125,801,41634,337840301,4.9,36431107,3.2,49573,1110.0,16.4
6019,Fresno County,0,10,70,0,2015,364788,14879831589,2563471265,132615946,784,40790,933519120,6.7,117270278,4.8,45233,692.0,19.4
6047,Merced County,0,10,70,0,2015,76158,2952602648,520337682,26404145,746,38769,212077201,7.7,24030432,4.8,42462,1214.0,13.1
6009,Calaveras County,0,10,70,0,2015,8541,317025897,53177219,2627712,714,37116,27813806,9.6,6050428,12.8,53233,3774.000000000001,20.9
6003,Alpine County,0,10,70,0,2015,504,19585684,2896904,160590,748,38873,-9220695,-32.0,-410980,-12.4,52917,13603.0,27.5
6055,Napa County,0,10,70,0,2015,75037,3800616577,558569459,28237408,974,50650,303642496,8.7,28627224,5.4,71379,2063.0,32.4
6059,Orange County,0,10,70,0,2015,1519107,90702164660,11956173667,579994681,1148,59708,7125009165,8.5,573246363,5.0,76509,426.0,37.7
6011,Colusa County,0,10,70,0,2015,9031,368177279,75579334,4278749,784,40770,28723913,8.5,7496079,11.0,52168,2583.0,14.6
6049,Modoc County,0,10,70,0,2015,2515,89395953,13806255,729181,684,35547,968006,1.1,-484254,-3.4,37860,4210.0,18.0
6051,Mono County,0,10,70,0,2015,6768,236354636,50004722,2722860,672,34921,10941530,4.9,3503875,7.5,56944,10734.0,32.3
6053,Monterey County,0,10,70,0,2015,184815,8146660109,1435923603,76575926,848,44080,481489469,6.3,36842560,2.6,58783,1121.0,23.1
6057,Nevada County,0,10,70,0,2015,29882,1263713502,198742064,9806596,813,42290,83315205,7.1,7952185,4.2,56521,2539.0,33.7
6089,Shasta County,0,10,70,0,2015,63386,2525472227,406474571,20696673,766,39843,145604273,6.1,20446733,5.3,44620,1209.0,19.6
6071,San Bernardino County,0,10,70,0,2015,689427,29918159531,4720240563,226658132,835,43396,2207131984,8.0,327663047,7.5,53433,571.0,19.0
6031,Kings County,0,10,70,0,2015,45742,1848597015,269656040,13603961,777,40414,173277224,10.3,23544101,9.6,46481,1200.0,13.4
6075,San Francisco County,0,10,70,0,2015,674646,65485880963,5450445193,266489870,1867,97067,6649865762,11.3,444781985,8.9,81294,1099.0,53.8
6073,San Diego County,0,10,70,0,2015,1370672,79593380163,9421273910,458552238,1117,58069,4200047528,5.6,411900767,4.6,64309,514.0,35.7
6029,Kern County,0,10,70,0,2015,312020,13773118408,2296860098,119666927,849,44142,127639241,0.9,5247232,0.2,49026,865.0000000000001,15.4
6045,Mendocino County,0,10,70,0,2015,31549,1139302256,198048144,9477663,694,36113,54816495,5.1,2611065,1.3,42980,1757.0,23.7
6077,San Joaquin County,0,10,70,0,2015,231714,10057486742,1619798880,82766919,835,43405,999462081,11.0,144775145,9.8,53274,946.0,18.4
6079,San Luis Obispo County,0,10,70,0,2015,114194,4921803697,787278259,36617180,829,43100,358354033,7.9,42214978,5.7,60691,1137.0,33.0
6043,Mariposa County,0,10,70,0,2015,5291,186191092,31664204,1783797,677,35192,14095381,8.2,1841234,6.2,47681,4294.0,22.1
6067,Sacramento County,0,10,70,0,2015,626506,35752561068,3599110751,177377364,1097,57067,1829166701,5.4,141542385,4.1,55987,594.0,28.8
6065,Riverside County,0,10,70,0,2015,658318,28341388937,4582846712,223380868,828,43051,3076485551,12.2,331511568,7.8,56603,478.0,20.9
6103,Tehama County,0,10,70,0,2015,17027,675167621,117878251,6216603,763,39653,56528081,9.1,7775730,7.1,41001,2564.0,14.4
6081,San Mateo County,0,10,70,0,2015,383668,39431766124,3192088297,152914762,1976,102776,1661787720,4.4,153263896,5.0,93623,1412.0,45.6
6083,Santa Barbara County,0,10,70,0,2015,193754,9739792474,1347050862,62767040,967,50269,630030690,6.9,49717157,3.8,63985,1293.0,32.2
6025,Imperial County,0,10,70,0,2015,63939,2300642679,413412128,21535010,692,35982,102089208,4.6,17404796,4.4,41079,1556.0,14.1
6027,Inyo County,0,10,70,0,2015,7621,317776503,46411967,2233346,802,41698,20862194,7.0,4325548,10.3,45955,2280.0,23.9
6063,Plumas County,0,10,70,0,2015,6015,236402751,33215884,1823710,756,39305,1451736,0.6,-1083452,-3.2,47333,3575.0,22.0
6023,Humboldt County,0,10,70,0,2015,46746,1744857572,280146051,13591323,718,37327,88455189,5.3,11131644,4.1,42197,1183.0,28.0
6021,Glenn County,0,10,70,0,2015,8854,334104109,63624767,3283048,726,37734,34914700,11.7,6215567,10.8,39349,4204.0,14.9
6085,Santa Clara County,0,10,70,0,2015,1017071,115325372474,7963242090,389636111,2181,113390,12718372883,12.4,80068877,1.0,96310,783.0,47.9
6109,Tuolumne County,0,10,70,0,2015,17023,686657271,96810896,4914182,776,40338,37178962,5.7,5523547,6.1,50306,2202.0,20.4
6013,Contra Costa County,0,10,70,0,2015,346862,22127019969,2534785451,123106084,1227,63792,1118616587,5.3,79343791,3.2,80185,827.0,39.6
6015,Del Norte County,0,10,70,0,2015,7924,286445904,35732147,1836522,695,36148,14068466,5.2,1353420,3.9,40847,4369.0,15.1
6093,Siskiyou County,0,10,70,0,2015,13131,487454439,83288581,4379395,714,37122,37023354,8.2,6092180,7.9,37170,1701.9999999999998,22.7
6017,El Dorado County,0,10,70,0,2015,51560,2341187674,352433223,17803103,873,45407,174627325,8.1,16528660,4.9,69584,1835.0,32.1
6087,Santa Cruz County,0,10,70,0,2015,100797,4655711529,716657612,34779191,888,46189,291656294,6.7,32612795,4.8,67256,1534.0,38.2
6095,Solano County,0,10,70,0,2015,130980,7001319348,843581836,41669371,1028,53453,414313997,6.3,54116739,6.9,66828,1238.0,24.9
6099,Stanislaus County,0,10,70,0,2015,179210,7841447400,1268975946,63423289,841,43756,642668251,8.9,78595630,6.6,50125,718.0,16.5
6101,Sutter County,0,10,70,0,2015,29024,1134947532,216866127,11594100,752,39104,93511093,9.0,17282535,8.7,52017,1350.0,17.6
6061,Placer County,0,10,70,0,2015,148506,7747686755,1076334695,53992148,1003,52171,648596861,9.1,72167857,7.2,73948,1220.0,36.4
6041,Marin County,0,10,70,0,2015,112056,7273080479,813073366,37769532,1248,64906,431990821,6.3,17911325,2.3,93257,2610.0,55.8
6039,Madera County,0,10,70,0,2015,46089,1830551093,328459295,17010586,764,39718,16739175,0.9,-21242740,-6.1,45073,1837.0,13.3
6111,Ventura County,0,10,70,0,2015,315806,17031353652,2341674928,112652933,1037,53930,751287695,4.6,-6307816,-0.3,77348,954.0,31.7
6001,Alameda County,0,10,70,0,2015,728995,50148570433,5363016119,262521497,1323,68791,4231795996,9.2,353019723,7.0,75619,613.0,43.0
6069,San Benito County,0,10,70,0,2015,15891,692891221,117462128,6089941,839,43603,38895689,5.9,-2855556,-2.4,71077,2019.0,19.0
6037,Los Angeles County,0,10,70,0,2015,4244646,249341000870,31431449960,1500151110,1130,58742,13951893987,5.9,1117279314,3.7,56196,270.0,30.3
6097,Sonoma County,0,10,70,0,2015,197218,9742283143,1412808800,68371877,950,49398,842581669,9.5,67502145,5.0,64240,1224.0,32.9
6105,Trinity County,0,10,70,0,2015,2707,97381729,14264634,740855,692,35976,6846137,7.6,881840,6.6,34974,4081.0,20.0
6107,Tulare County,0,10,70,0,2015,156050,5684458636,1196851547,62476550,701,36427,448468843,8.6,117145450,10.8,42031,920.0,13.8
6035,Lassen County,0,10,70,0,2015,10245,439467373,39003869,1989018,825,42898,11656199,2.7,1506167,4.0,51555,2789.0,12.3
6033,Lake County,0,10,70,0,2015,15536,547748453,99403121,5085771,678,35258,27706568,5.3,4248377,4.5,35578,2034.0,16.0
6091,Sierra County,0,10,70,0,2015,505,17560837,3121585,162761,669,34762,-4696140,-21.1,-512132,-14.1,42833,8464.0,18.9
6007,Butte County,0,10,70,0,2015,78370,3039654152,467240768,23282392,746,38786,219732450,7.8,20119308,4.5,43444,1068.0,25.9
6005,Amador County,0,10,70,0,2015,11623,487940116,63012479,3164466,807,41982,25165723,5.4,1520425,2.5,54171,4208.0,21.3
6113,Yolo County,0,10,70,0,2015,97648,5279928727,583022699,29680365,1040,54071,330431535,6.7,29566308,5.3,54989,1553.0,39.0
6115,Yuba County,0,10,70,0,2015,16178,759881691,72378014,3678789,903,46970,46223955,6.5,1763066,2.5,46892,1931.0,14.3
6113,Yolo County,0,10,70,0,2016,100297,5609652959,600913347,29104704,1076,55931,329724232,6.2,17890648,3.1,57663,1664.0,40.0
6005,Amador County,0,10,70,0,2016,11648,492835580,59687357,2795695,814,42310,4895464,1.0,-3325122,-5.3,57032,3247.0,21.5
6091,Sierra County,0,10,70,0,2016,517,19547848,3266550,167680,727,37798,1987011,11.3,144965,4.6,43984,11767.0,19.8
6007,Butte County,0,10,70,0,2016,80802,3193940757,486980188,23168604,760,39528,154286605,5.1,19739420,4.2,44366,1131.0,26.1
6069,San Benito County,0,10,70,0,2016,17042,756688134,132137500,6721804,854,44402,63796913,9.2,14675372,12.5,73814,3746.0,19.0
6037,Los Angeles County,0,10,70,0,2016,4344132,260304977202,32193638370,1452072313,1152,59921,10963976332,4.4,762188410,2.4,57952,331.0,30.8
6001,Alameda County,0,10,70,0,2016,751599,53035088461,5533631801,257275895,1357,70563,2886518028,5.8,170615682,3.2,79831,739.0,43.9
6111,Ventura County,0,10,70,0,2016,319053,17105670397,2362460445,108298281,1031,53614,74316745,0.4,20785517,0.9,78593,962.0,32.2
6041,Marin County,0,10,70,0,2016,114063,7666308735,834558276,36452720,1293,67211,393228256,5.4,21484910,2.6,100310,1876.0,57.1
6039,Madera County,0,10,70,0,2016,48327,1970035796,364340595,17221495,784,40765,139484703,7.6,35881300,10.9,45742,1704.0,13.1
6031,Kings County,0,10,70,0,2016,45883,1874506528,270957966,13124778,786,40854,25909513,1.4,1301926,0.5,47241,1395.0,12.8
6071,San Bernardino County,0,10,70,0,2016,706208,31519919827,4839492713,220864043,858,44633,1601760296,5.4,119252150,2.5,54469,559.0,19.3
6105,Trinity County,0,10,70,0,2016,2695,99249341,14711805,735957,708,36833,1867612,1.9,447171,3.1,35270,3838.0,20.1
6033,Lake County,0,10,70,0,2016,16102,580700296,104663431,5163662,694,36065,32951843,6.0,5260310,5.3,36132,2745.0,16.2
6097,Sonoma County,0,10,70,0,2016,201875,10153630234,1464480617,67292135,967,50297,411347091,4.2,51671817,3.7,66833,1161.0,33.1
6035,Lassen County,0,10,70,0,2016,10239,457799881,38231247,1926724,860,44712,18332508,4.2,-772622,-2.0,51457,2483.0,12.5
6079,San Luis Obispo County,0,10,70,0,2016,114421,5068224698,772595912,33457498,852,44295,146421001,3.0,-14682347,-1.9,64014,1807.0,34.1
6065,Riverside County,0,10,70,0,2016,689386,29645343650,4855264468,225069006,827,43003,1303954713,4.6,272417756,5.9,57972,542.0,21.2
6103,Tehama County,0,10,70,0,2016,17687,713230504,121511273,6210932,775,40325,38062883,5.6,3633022,3.1,40687,2118.0,13.8
6025,Imperial County,0,10,70,0,2016,62910,2348677973,405460403,20898321,718,37334,48035294,2.1,-7951725,-1.9,42560,1587.0,14.0
6061,Placer County,0,10,70,0,2016,156271,8362480186,1211573432,56504461,1029,53513,614793431,7.9,135238737,12.6,76926,1293.0,36.9
6045,Mendocino County,0,10,70,0,2016,31915,1196738222,204888980,9369614,721,37498,57435966,5.0,6840836,3.5,43510,1518.0,24.1
6063,Plumas County,0,10,70,0,2016,6098,242549545,33951463,1816301,765,39775,6146794,2.6,735579,2.2,50125,3068.0,21.9
6081,San Mateo County,0,10,70,0,2016,391640,42089137132,3285394057,146533509,2067,107469,2657371008,6.7,93305760,2.9,98546,1232.0,47.1
6029,Kern County,0,10,70,0,2016,314213,13873483642,2370566936,119277864,849,44153,100365234,0.7,73706838,3.2,49788,909.0,15.7
6077,San Joaquin County,0,10,70,0,2016,239314,10627387803,1710615299,83224993,854,44408,569901061,5.7,90816419,5.6,55045,896.0,18.2
6067,Sacramento County,0,10,70,0,2016,638422,36651935491,3766107125,178023898,1104,57410,899374423,2.5,166996374,4.6,57509,578.0,29.3
6043,Mariposa County,0,10,70,0,2016,5350,204021085,31115027,1729256,733,38132,17829993,9.6,-549177,-1.7,49265,3372.0,22.6
6073,San Diego County,0,10,70,0,2016,1405808,81815784606,9755659990,450066048,1119,58198,2222404443,2.8,334386080,3.5,66529,460.0,36.5
6027,Inyo County,0,10,70,0,2016,7606,316943375,46663530,2121872,801,41672,-833128,-0.3,251563,0.5,47278,3448.9999999999995,24.5
6075,San Francisco County,0,10,70,0,2016,703188,71483276435,5693938529,262134605,1955,101656,5997395472,9.2,243493336,4.5,87701,1447.0,54.8
6023,Humboldt County,0,10,70,0,2016,48260,1849665065,292709914,13335037,737,38327,104807493,6.0,12563863,4.5,42685,1286.0,28.2
6099,Stanislaus County,0,10,70,0,2016,183977,8219077793,1327995949,64014122,859,44674,377630393,4.8,59020003,4.7,51591,797.0,16.5
6017,El Dorado County,0,10,70,0,2016,53889,2530472919,376779180,18275787,903,46957,189285245,8.1,24345957,6.9,72586,1756.0,33.0
6093,Siskiyou County,0,10,70,0,2016,13672,523675721,88812318,4488922,737,38302,36221282,7.4,5523737,6.6,38524,2078.0,22.2
6095,Solano County,0,10,70,0,2016,135792,7427140921,887825382,41778176,1052,54695,425821573,6.1,44243546,5.2,69227,1596.0,25.1
6089,Shasta County,0,10,70,0,2016,64717,2633797514,425349987,20782986,783,40697,108325287,4.3,18875416,4.6,45582,963.0,20.1
6049,Modoc County,0,10,70,0,2016,2609,96123911,14366053,747191,709,36842,6727958,7.5,559798,4.1,41194,3818.0,18.3
6057,Nevada County,0,10,70,0,2016,30590,1323759896,205387632,9758858,832,43275,60046394,4.8,6645568,3.3,57429,2569.0,34.4
6009,Calaveras County,0,10,70,0,2016,9139,348862422,56241952,2674518,734,38173,31836525,10.0,3064733,5.8,53502,3912.0,20.2
6003,Alpine County,0,10,70,0,2016,770,27452466,6305652,368578,685,35641,7866782,40.2,3408748,117.7,62375,5989.0,29.7
6115,Yuba County,0,10,70,0,2016,16685,798985373,75604414,3667830,921,47885,39103682,5.1,3226400,4.5,48739,2031.0,15.5
6055,Napa County,0,10,70,0,2016,75503,3939217063,566694272,27254751,1003,52173,138600486,3.6,8124813,1.5,74609,1865.0,33.0
6059,Orange County,0,10,70,0,2016,1559959,93282751963,12296616829,567361451,1150,59798,2580587303,2.8,340443162,2.8,78145,490.0,38.4
6087,Santa Cruz County,0,10,70,0,2016,103503,4916074608,745878072,34691425,913,47497,260363079,5.6,29220460,4.1,70088,1935.0,39.0
6011,Colusa County,0,10,70,0,2016,9028,367287660,71979733,3918083,782,40685,-889619,-0.2,-3599601,-4.8,54946,3336.0,14.4
6015,Del Norte County,0,10,70,0,2016,8151,303637605,38657868,1909379,716,37250,17191701,6.0,2925721,8.2,42363,3792.0,14.9
6051,Mono County,0,10,70,0,2016,7071,257751061,55066120,2958903,701,36452,21396425,9.1,5061398,10.1,58937,6409.0,30.6
6109,Tuolumne County,0,10,70,0,2016,17492,712778763,102077160,4904260,784,40749,26121492,3.8,5266264,5.4,50731,1795.0,19.7
6107,Tulare County,0,10,70,0,2016,160995,6128879866,1271502132,63673565,732,38069,444421230,7.8,74650585,6.2,42789,1042.0,14.0
6047,Merced County,0,10,70,0,2016,76874,3128443102,533961035,26186082,783,40696,175840454,6.0,13623353,2.6,44397,1141.0,13.7
6019,Fresno County,0,10,70,0,2016,374939,15657982463,2667269153,132935415,803,41761,778150874,5.2,103797888,4.0,45963,661.0,19.7
6085,Santa Clara County,0,10,70,0,2016,1046049,123484418547,8315064943,384120904,2270,118048,8159046073,7.1,351822853,4.4,101173,661.0,49.1
6053,Monterey County,0,10,70,0,2016,188586,8566593991,1487014864,76309971,874,45426,419933882,5.2,51091261,3.6,60889,992.0,23.6
6013,Contra Costa County,0,10,70,0,2016,359242,23418019657,2662764958,123509400,1254,65187,1290999688,5.8,127979507,5.0,82881,984.0,40.3
6101,Sutter County,0,10,70,0,2016,29998,1191807524,227384452,11486105,764,39729,56859992,5.0,10518325,4.9,52943,1645.0,17.9
6021,Glenn County,0,10,70,0,2016,8946,341185889,63483683,3156302,733,38139,7081780,2.1,-141084,-0.2,41699,3688.000000000001,12.7
6083,Santa Barbara County,0,10,70,0,2016,194999,9893060460,1366148086,60321838,976,50734,153267986,1.6,19097224,1.4,65161,1202.0,32.2
6031,Kings County,0,10,70,0,2017,46873,1958633578,281381829,13417744,804,41786,84127050,4.5,10423863,3.8,49742,1744.0,13.0
6071,San Bernardino County,0,10,70,0,2017,730004,33324619303,5082822101,219854342,878,45650,1804699476,5.7,243329388,5.0,57156,594.0,19.8
6105,Trinity County,0,10,70,0,2017,2722,105024017,14987214,721680,742,38590,5774676,5.8,275409,1.9,36563,5946.0,19.5
6069,San Benito County,0,10,70,0,2017,16975,785701831,139776834,7028010,890,46285,29013697,3.8,7639334,5.8,80760,3889.0,19.2
6039,Madera County,0,10,70,0,2017,48928,2067993040,369015333,17621093,813,42266,97957244,5.0,4674738,1.3,48210,2108.0,13.8
6035,Lassen County,0,10,70,0,2017,10144,467365923,36717203,1792067,886,46075,9566042,2.1,-1514044,-4.0,54083,2927.0,12.4
6023,Humboldt County,0,10,70,0,2017,49141,1961182985,303925990,13111740,767,39910,111517920,6.0,11216076,3.8,43718,1579.0,29.4
6045,Mendocino County,0,10,70,0,2017,32196,1253615306,206669985,8925666,749,38937,56877084,4.8,1781005,0.9,46528,1787.0,24.8
6063,Plumas County,0,10,70,0,2017,6217,260129868,35315415,1807588,805,41841,17580323,7.2,1363952,4.0,50266,3476.0,22.6
6061,Placer County,0,10,70,0,2017,161169,8824962972,1195923271,53386854,1053,54756,462482786,5.5,-15650161,-1.3,80488,1431.0,37.5
6101,Sutter County,0,10,70,0,2017,30623,1240733580,238129042,11685972,779,40517,48926056,4.1,10744590,4.7,54347,2000.0,17.5
6065,Riverside County,0,10,70,0,2017,713182,31441226643,5078843911,222895270,848,44086,1795882993,6.1,223579443,4.6,60807,429.0,21.5
6081,San Mateo County,0,10,70,0,2017,400511,46547108554,3401999547,141719688,2235,116219,4457971422,10.6,116605490,3.5,105667,1195.0,48.5
6103,Tehama County,0,10,70,0,2017,18399,767072047,127107227,6332359,802,41691,53841543,7.5,5595954,4.6,42512,2803.0,14.4
6025,Imperial County,0,10,70,0,2017,62866,2441102074,415408859,20768950,747,38830,92424101,3.9,9948456,2.5,44779,1850.0,14.3
6029,Kern County,0,10,70,0,2017,316661,14268655905,2380288476,116021050,867,45060,395172263,2.8,9721540,0.4,50826,771.0,15.8
6075,San Francisco County,0,10,70,0,2017,716917,78216836553,5933069942,258914657,2098,109102,6733560118,9.4,239131413,4.2,96265,1349.0,55.8
6073,San Diego County,0,10,70,0,2017,1435108,85964730416,9971341326,437841652,1152,59901,4148945810,5.1,215681336,2.2,70588,617.0,37.4
6077,San Joaquin County,0,10,70,0,2017,248066,11294699256,1783694742,82924844,876,45531,667311453,6.3,73079443,4.3,57813,863.0,18.1
6079,San Luis Obispo County,0,10,70,0,2017,117425,5379757736,796844650,32555270,881,45814,311533038,6.1,24248738,3.1,67175,1720.0000000000002,34.0
6043,Mariposa County,0,10,70,0,2017,5487,215640191,29885432,1587813,756,39301,11619106,5.7,-1229595,-4.0,51385,3637.000000000001,24.4
6067,Sacramento County,0,10,70,0,2017,647205,38283420763,3864995385,173414723,1138,59152,1631485272,4.5,98888260,2.6,60239,475.0,29.9
6027,Inyo County,0,10,70,0,2017,7453,317370674,46633248,2014248,819,42584,427299,0.1,-30282,-0.1,51500,4578.0,25.3
6037,Los Angeles County,0,10,70,0,2017,4381836,275958278852,32723043321,1401623522,1211,62978,15653301650,6.0,529404951,1.6,61015,262.0,31.2
6115,Yuba County,0,10,70,0,2017,17325,861695982,78018068,3573722,956,49737,62710609,7.8,2413654,3.2,51776,2375.0,16.4
6001,Alameda County,0,10,70,0,2017,771652,57018137454,5800767552,255889125,1421,73891,3983048993,7.5,267135751,4.8,85743,940.0,44.7
6007,Butte County,0,10,70,0,2017,82478,3389796362,498289434,22625747,790,41099,195855605,6.1,11309246,2.3,46516,1130.0,26.6
6113,Yolo County,0,10,70,0,2017,101848,5932885716,612469931,27935199,1120,58252,323232757,5.8,11556584,1.9,61621,1733.0,40.6
6005,Amador County,0,10,70,0,2017,12080,528732785,62560489,2752221,842,43770,35897205,7.3,2873132,4.8,60636,2765.0,22.1
6111,Ventura County,0,10,70,0,2017,322344,17546127974,2382106579,103531550,1047,54433,440457577,2.6,19646134,0.8,81972,983.0,32.6
6041,Marin County,0,10,70,0,2017,115432,7872349240,848605822,34630664,1312,68199,206040505,2.7,14047546,1.7,104703,1763.0000000000002,57.5
6033,Lake County,0,10,70,0,2017,16399,613951998,107791048,5060450,720,37438,33251702,5.7,3127617,3.0,40446,2857.0,15.3
6097,Sonoma County,0,10,70,0,2017,205511,10723114613,1502895411,65147067,1003,52178,569484379,5.6,38414794,2.6,71769,1046.0,33.8
6107,Tulare County,0,10,70,0,2017,162071,6323202871,1280305539,62945779,750,39015,194323005,3.2,8803407,0.7,44871,1286.0,13.8
6085,Santa Clara County,0,10,70,0,2017,1071448,135760289557,8431266827,367871858,2437,126707,12275871010,9.9,116201884,1.4,106761,858.0,50.0
6021,Glenn County,0,10,70,0,2017,8931,361765109,62665584,3001038,779,40505,20579220,6.0,-818099,-1.3,46260,3402.0,13.0
6083,Santa Barbara County,0,10,70,0,2017,197603,10395550597,1388215230,58605521,1012,52608,502490137,5.1,22067144,1.6,68023,1420.0,33.3
6019,Fresno County,0,10,70,0,2017,381997,16382245168,2694995697,129631330,825,42886,724262705,4.6,27726544,1.0,48730,655.0,20.1
6051,Mono County,0,10,70,0,2017,7369,309816686,59788173,3099634,808,42041,52065625,20.2,4722053,8.6,60595,6356.0,31.5
6089,Shasta County,0,10,70,0,2017,65465,2787700714,430482970,20213059,819,42583,153903200,5.8,5132983,1.2,47258,1104.0,21.4
6013,Contra Costa County,0,10,70,0,2017,366720,24651313816,2739439764,120041552,1293,67221,1233294159,5.3,76674806,2.9,88456,822.0,40.7
6015,Del Norte County,0,10,70,0,2017,8106,309441766,38196004,1828988,734,38176,5804161,1.9,-461864,-1.2,41287,4114.0,14.4
6095,Solano County,0,10,70,0,2017,138371,7835976592,891694666,39574206,1089,56630,408835671,5.5,3869284,0.4,72950,1244.0,25.6
6099,Stanislaus County,0,10,70,0,2017,187022,8597316103,1362211071,62879370,884,45970,378238310,4.6,34215122,2.6,54260,976.0,16.7
6093,Siskiyou County,0,10,70,0,2017,13907,554215001,94063612,4527371,766,39852,30539280,5.8,5251294,5.9,40884,1957.0,22.7
6017,El Dorado County,0,10,70,0,2017,56414,2725432017,403268367,18532313,929,48312,194959098,7.7,26489187,7.0,74885,2565.0,33.3
6109,Tuolumne County,0,10,70,0,2017,17381,745840172,104328417,4806912,825,42910,33061409,4.6,2251257,2.2,54325,2700.0,20.6
6053,Monterey County,0,10,70,0,2017,190470,8979826254,1516860708,75580764,907,47146,413232263,4.8,29845844,2.0,63249,1209.0,23.9
6059,Orange County,0,10,70,0,2017,1594267,97874090047,12683346932,555173751,1181,61391,4591338084,4.9,386730103,3.1,81851,570.0,39.1
6047,Merced County,0,10,70,0,2017,79373,3313399847,550517933,26025187,803,41745,184956745,5.9,16556898,3.1,46338,1301.0,13.8
6087,Santa Cruz County,0,10,70,0,2017,104279,5148438202,757013668,33372081,949,49372,232363594,4.7,11135596,1.5,73663,1682.0,39.8
6057,Nevada County,0,10,70,0,2017,31129,1385854757,215109076,9716942,856,44519,62094861,4.7,9721444,4.7,60610,2262.0,35.8
6055,Napa County,0,10,70,0,2017,76762,4138524552,582159428,26801896,1037,53914,199307489,5.1,15465156,2.7,79637,1895.0,34.6
6049,Modoc County,0,10,70,0,2017,2486,94428501,13075164,672547,730,37979,-1695410,-1.8,-1290889,-9.0,39296,4907.0,16.6
6009,Calaveras County,0,10,70,0,2017,9410,362669685,58329746,2667451,741,38540,13807263,4.0,2087794,3.7,54800,3529.0,19.3
6011,Colusa County,0,10,70,0,2017,9007,376330397,69020378,3829706,803,41782,9042737,2.5,-2959355,-4.1,56481,4858.0,15.7
6003,Alpine County,0,10,70,0,2017,751,27271892,6629377,385749,698,36298,-180574,-0.7,323725,5.1,63438,4535.0,25.6
6091,Sierra County,0,10,70,0,2017,498,19128871,3120039,152710,739,38450,-418977,-2.1,-146511,-4.5,44190,9650.0,21.4
6113,Yolo County,0,10,70,0,2018,104005,6323581241,624744293,27882494,1169,60801,390695525,6.6,12274362,2.0,65923,2023.0,41.6
6007,Butte County,0,10,70,0,2018,83903,3589503792,520174772,22925709,823,42782,199707430,5.9,21885338,4.4,48443,1477.0,26.5
6005,Amador County,0,10,70,0,2018,12267,548604065,63221445,2680922,860,44721,19871280,3.8,660956,1.1,61198,3241.0,20.3
6055,Napa County,0,10,70,0,2018,78965,4393617681,613901156,27109491,1070,55640,255093129,6.2,31741728,5.5,84753,2198.0,34.9
6059,Orange County,0,10,70,0,2018,1627009,101547617288,13062554521,548410750,1200,62414,3673527241,3.8,379207589,3.0,85398,719.0,39.9
6057,Nevada County,0,10,70,0,2018,31715,1441289228,224344573,9733780,874,45446,55434471,4.0,9235497,4.3,63240,1916.0,36.6
6053,Monterey County,0,10,70,0,2018,195650,9396528540,1553776455,74937777,924,48027,416702286,4.6,36915747,2.4,66676,1234.0,24.5
6051,Mono County,0,10,70,0,2018,7371,285061666,59510135,2965345,744,38673,-24755020,-8.0,-278038,-0.5,63018,5826.0,30.6
6047,Merced County,0,10,70,0,2018,80540,3386500775,577451573,26767015,809,42048,73100928,2.2,26933640,4.9,50129,1671.0,14.0
6103,Tehama County,0,10,70,0,2018,18616,807002995,127037458,6192513,834,43349,39930948,5.2,-69769,-0.1,42899,2347.0,15.5
6063,Plumas County,0,10,70,0,2018,6425,276275777,38130525,1890699,827,42999,16145909,6.2,2815110,8.0,53270,3391.0,23.5
6101,Sutter County,0,10,70,0,2018,31212,1297909838,245266552,11937737,800,41584,57176258,4.6,7137510,3.0,56955,2206.0,17.7
6049,Modoc County,0,10,70,0,2018,2503,97544356,13904734,695287,750,38976,3115855,3.3,829570,6.3,45149,5555.0,15.9
6099,Stanislaus County,0,10,70,0,2018,190801,9125827617,1392800668,62342585,920,47829,528511514,6.1,30589597,2.2,57387,1316.0,16.9
6045,Mendocino County,0,10,70,0,2018,32695,1308422052,212631104,8787463,770,40019,54806746,4.4,5961119,2.9,49233,2356.0,24.7
6033,Lake County,0,10,70,0,2018,16483,646066001,109880894,4994797,754,39196,32114003,5.2,2089846,1.9,42475,2511.0,15.8
6035,Lassen County,0,10,70,0,2018,9911,474860489,37220303,1778693,921,47911,7494566,1.6,503100,1.4,56362,1943.0,12.0
6097,Sonoma County,0,10,70,0,2018,210146,11485124307,1587063628,65988912,1051,54653,762009694,7.1,84168217,5.6,76753,1039.0,34.9
6095,Solano County,0,10,70,0,2018,141574,8302138180,941606908,39992466,1128,58642,466161588,5.9,49912242,5.6,77609,1309.0,26.2
6105,Trinity County,0,10,70,0,2018,2728,112838627,15268687,721744,795,41366,7814610,7.4,281473,1.9,38497,4689.0,19.7
6031,Kings County,0,10,70,0,2018,47998,2084559226,291640864,13643624,835,43430,125925648,6.4,10259035,3.6,53865,2352.0,13.5
6075,San Francisco County,0,10,70,0,2018,740879,87751166781,6179313549,264628672,2278,118442,9534330228,12.2,246243607,4.2,104552,1533.0,57.1
6037,Los Angeles County,0,10,70,0,2018,4445762,288623161137,33662772341,1386311573,1248,64921,12664882285,4.6,939729020,2.9,64251,247.0,31.8
6069,San Benito County,0,10,70,0,2018,16945,820628956,135620122,6475111,931,48428,34927125,4.4,-4156712,-3.0,81977,4226.0,19.7
6041,Marin County,0,10,70,0,2018,115817,8415552165,852303201,33298339,1397,72662,543202925,6.9,3697379,0.4,110217,3332.0,58.8
6039,Madera County,0,10,70,0,2018,50197,2180710993,380906939,18749651,835,43443,112717953,5.5,11891606,3.2,52884,1923.0,14.5
6071,San Bernardino County,0,10,70,0,2018,752120,35279269331,5255555073,219143617,902,46906,1954650028,5.9,172732972,3.4,60164,626.0,20.3
6065,Riverside County,0,10,70,0,2018,738092,33285446075,5314495541,226179733,867,45097,1844219432,5.9,235651630,4.6,63948,454.00000000000006,21.8
6067,Sacramento County,0,10,70,0,2018,664745,40164686497,4020632035,173900605,1162,60421,1881265734,4.9,155636650,4.0,63902,512.0,30.4
6043,Mariposa County,0,10,70,0,2018,5583,222755829,30400397,1565577,767,39900,7115638,3.3,514965,1.7,51199,3487.0,23.4
6061,Placer County,0,10,70,0,2018,168419,9380638852,1258631021,53928600,1071,55698,555675880,6.3,62707750,5.2,84357,1469.0,38.6
6073,San Diego County,0,10,70,0,2018,1464125,90668064267,10310301718,435790703,1191,61926,4703333851,5.5,338960392,3.4,74855,578.0,38.1
6021,Glenn County,0,10,70,0,2018,9093,386671129,65017081,3033889,818,42525,24906020,6.9,2351497,3.8,47395,3209.0,13.9
6109,Tuolumne County,0,10,70,0,2018,17515,773264640,107211749,4870346,849,44148,27424468,3.7,2883332,2.8,56493,3992.000000000001,20.0
6083,Santa Barbara County,0,10,70,0,2018,199915,10805518460,1422809811,58766630,1039,54051,409967863,3.9,34594581,2.5,71657,1476.0,33.8
6085,Santa Clara County,0,10,70,0,2018,1098089,147873406271,8826688779,371653153,2590,134664,12113116714,8.9,395421952,4.7,116178,938.0,51.3
6017,El Dorado County,0,10,70,0,2018,57786,2910029000,420820882,18753144,968,50359,184596983,6.8,17552515,4.4,80582,2117.0,33.7
6015,Del Norte County,0,10,70,0,2018,8222,321368594,38974873,1817731,752,39085,11926828,3.9,778869,2.0,45258,5035.0,14.3
6087,Santa Cruz County,0,10,70,0,2018,104816,5373743038,764113548,32428233,986,51268,225304836,4.4,7099880,0.9,78041,1462.0,40.0
6013,Contra Costa County,0,10,70,0,2018,368450,25424692957,2817594943,118265812,1327,69004,773379141,3.1,78155179,2.9,93712,926.0,41.7
6115,Yuba County,0,10,70,0,2018,17920,920144899,83659447,3767152,987,51348,58448917,6.8,5641379,7.2,52624,2827.0,16.7
6001,Alameda County,0,10,70,0,2018,786038,59918321510,5950257355,253760130,1466,76228,2900184056,5.1,149489803,2.6,92574,1023.0,46.0
6111,Ventura County,0,10,70,0,2018,326879,18055241441,2460328383,103999297,1062,55235,509113467,2.9,78221804,3.3,84017,1199.0,33.1
6089,Shasta County,0,10,70,0,2018,66612,2921991336,446445431,20195958,844,43866,134290622,4.8,15962461,3.7,50905,1445.0,22.2
6091,Sierra County,0,10,70,0,2018,502,19974573,3068620,143320,766,39830,845702,4.4,-51419,-1.6,48125,7465.0,18.7
6003,Alpine County,0,10,70,0,2018,783,28640269,6992568,408007,704,36597,1368377,5.0,363191,5.5,64688,12933.0,30.0
6009,Calaveras County,0,10,70,0,2018,9656,388558878,61801030,2742065,774,40239,25889193,7.1,3471284,6.0,58151,3310.0,18.7
6011,Colusa County,0,10,70,0,2018,9260,410962839,73388883,3956190,853,44379,34632442,9.2,4368505,6.3,56704,4501.0,15.4
6025,Imperial County,0,10,70,0,2018,62879,2522398684,414160280,20592170,771,40115,81296610,3.3,-1248579,-0.3,45834,1861.0,14.5
6023,Humboldt County,0,10,70,0,2018,50307,2046063497,315038193,13027892,782,40672,84880512,4.3,11112203,3.7,45528,1359.0,29.8
6079,San Luis Obispo County,0,10,70,0,2018,118320,5700670360,832981591,32736659,927,48180,320912624,6.0,36136941,4.5,70699,1500.0,34.6
6081,San Mateo County,0,10,70,0,2018,404242,51100410054,3417154671,136796200,2431,126411,4553301500,9.8,15155124,0.4,113776,1672.0,49.9
6027,Inyo County,0,10,70,0,2018,7535,331276564,45864340,1927276,845,43966,13905890,4.4,-768908,-1.6,52874,3230.0,26.1
6093,Siskiyou County,0,10,70,0,2018,13878,572473182,89540202,4161929,793,41250,18258181,3.3,-4523410,-4.8,44200,2158.0,22.5
6019,Fresno County,0,10,70,0,2018,390344,17212682908,2784285230,129894114,848,44096,830437740,5.1,89289533,3.3,51261,808.0,20.7
6107,Tulare County,0,10,70,0,2018,164037,6552515585,1293646104,62453552,768,39945,229312714,3.6,13340565,1.0,47518,1141.0,14.3
6029,Kern County,0,10,70,0,2018,324971,15114041725,2464363255,118013747,894,46509,845385820,5.9,84074779,3.5,52479,729.0,16.1
6077,San Joaquin County,0,10,70,0,2018,253099,11928510690,1839526332,82939543,906,47130,633811434,5.6,55831590,3.1,61145,1022.0,18.4
6061,Placer County,0,10,70,0,2019,172439,10004095186,1291835834,52809266,1116,58015,623456334,6.6,33204813,2.6,89691,1824.0,39.7
6067,Sacramento County,0,10,70,0,2019,679516,42816577747,4157252231,171858736,1212,63010,2651891250,6.6,136620196,3.4,67151,802.0,30.9
6039,Madera County,0,10,70,0,2019,51246,2290844609,396219504,19162434,860,44703,110133616,5.1,15312565,4.0,57585,2351.0,14.6
6043,Mariposa County,0,10,70,0,2019,5627,234741369,32529505,1685160,802,41719,11985540,5.4,2129108,7.0,48820,4413.0,24.6
6065,Riverside County,0,10,70,0,2019,761383,35656827380,5515171794,223155020,901,46832,2371381305,7.1,200676253,3.8,67005,638.0,22.3
6055,Napa County,0,10,70,0,2019,79729,4588769705,620029407,26496006,1107,57555,195152024,4.4,6128251,1.0,88596,2026.0,35.7
6083,Santa Barbara County,0,10,70,0,2019,204441,11411568062,1470867487,59159139,1073,55818,606049602,5.6,48057676,3.4,74624,1710.0000000000002,34.2
6021,Glenn County,0,10,70,0,2019,9512,413553858,69125749,3119750,836,43477,26882729,7.0,4108668,6.3,49633,2854.0,14.2
6085,Santa Clara County,0,10,70,0,2019,1119639,154816070491,9162788477,367168759,2659,138273,6942664220,4.7,336099698,3.8,124055,1117.0,52.4
6017,El Dorado County,0,10,70,0,2019,57883,2962343393,419931949,18106294,984,51178,52314393,1.8,-888933,-0.2,83377,2342.0,34.3
6109,Tuolumne County,0,10,70,0,2019,17703,808441260,110512461,4913527,878,45668,35176620,4.5,3300712,3.1,60108,4605.0,20.5
6037,Los Angeles County,0,10,70,0,2019,4509905,302717654831,34530783705,1374870525,1291,67123,14094493694,4.9,868011364,2.6,68044,347.0,32.5
6041,Marin County,0,10,70,0,2019,116240,8594448439,856560642,31985165,1422,73937,178896274,2.1,4257441,0.5,115246,3328.0,59.5
6097,Sonoma County,0,10,70,0,2019,211197,12176662180,1607353902,64548942,1109,57656,691537873,6.0,20290274,1.3,81018,1194.0,35.5
6105,Trinity County,0,10,70,0,2019,2775,111635822,15433707,704083,774,40233,-1202805,-1.1,165020,1.1,40846,3837.0,19.5
6033,Lake County,0,10,70,0,2019,16740,673534042,114706851,5096632,774,40236,27468041,4.3,4825957,4.4,47040,2697.0,15.5
6075,San Francisco County,0,10,70,0,2019,760775,98759654469,6295070167,257598590,2496,129814,11008487688,12.5,115756618,1.9,112449,1612.0,58.1
6029,Kern County,0,10,70,0,2019,331711,16039479248,2585603012,123533636,930,48354,925437523,6.1,121239757,4.9,53350,909.0,16.4
6081,San Mateo County,0,10,70,0,2019,415999,54002721519,3555395367,136373522,2496,129814,2902311465,5.7,138240696,4.0,122641,1680.0,51.0
6079,San Luis Obispo County,0,10,70,0,2019,119806,6111418054,839883460,31489707,981,51011,410747694,7.2,6901869,0.8,73518,1656.0,35.4
6077,San Joaquin County,0,10,70,0,2019,258122,12660641874,1896347769,81628789,943,49049,732131184,6.1,56821437,3.1,64432,745.0,18.8
6027,Inyo County,0,10,70,0,2019,7731,350248337,48178519,1974323,871,45305,18971773,5.7,2314179,5.0,57316,4087.0,27.2
6111,Ventura County,0,10,70,0,2019,331001,19147667158,2498390661,101293891,1112,57848,1092425717,6.1,38062278,1.5,88131,1069.0,33.8
6087,Santa Cruz County,0,10,70,0,2019,106304,5892860292,781636434,31942127,1066,55434,519117254,9.7,17522886,2.3,82234,2168.0,40.8
6013,Contra Costa County,0,10,70,0,2019,369280,26177240915,2811170925,113327563,1363,70887,752547958,3.0,-6424018,-0.2,99716,1157.0,42.4
6115,Yuba County,0,10,70,0,2019,18564,987110061,93275585,4035971,1023,53173,66965162,7.3,9616138,11.5,58054,2384.0,17.1
6001,Alameda County,0,10,70,0,2019,793213,63132769266,6007588891,245782887,1531,79591,3214447756,5.4,57331536,1.0,99406,921.0,47.4
6015,Del Norte County,0,10,70,0,2019,8205,331141205,39983032,1786638,776,40358,9772611,3.0,1008159,2.6,45283,5017.0,14.8
6023,Humboldt County,0,10,70,0,2019,50974,2129478987,325268336,13034225,803,41776,83415490,4.1,10230143,3.2,48041,1797.9999999999998,30.4
6025,Imperial County,0,10,70,0,2019,63438,2642507272,427340664,20700217,801,41655,120108588,4.8,13180384,3.2,47622,1761.0,15.2
6107,Tulare County,0,10,70,0,2019,165321,6901099006,1339456040,63961931,803,41744,348583421,5.3,45809936,3.5,49687,1171.0,14.6
6019,Fresno County,0,10,70,0,2019,400030,18280407380,2887581168,132370211,879,45698,1067724472,6.2,103295938,3.7,53969,794.0,21.2
6093,Siskiyou County,0,10,70,0,2019,13916,583537307,89770707,4118996,806,41932,11064125,1.9,230505,0.3,45241,2380.0,23.2
6011,Colusa County,0,10,70,0,2019,9558,421744822,76515973,4021419,849,44127,10781983,2.6,3127090,4.3,59401,4265.0,15.0
6089,Shasta County,0,10,70,0,2019,67519,3073754679,459890325,20129734,875,45524,151763343,5.2,13444894,3.0,54667,1486.0,22.2
6091,Sierra County,0,10,70,0,2019,545,21194406,3436607,157202,748,38883,1219833,6.1,367987,12.0,52148,13874.0,17.9
6003,Alpine County,0,10,70,0,2019,763,30755043,7743589,439131,775,40308,2114774,7.4,751021,10.7,63750,17778.0,34.5
6009,Calaveras County,0,10,70,0,2019,9783,408309151,63952806,2738029,803,41735,19750273,5.1,2151776,3.5,63158,4128.0,18.3
6047,Merced County,0,10,70,0,2019,80795,3577904097,586888393,26678774,852,44284,191403322,5.7,9436820,1.6,53672,1936.0,13.8
6051,Mono County,0,10,70,0,2019,7557,305948429,61419749,3030126,779,40488,20886763,7.3,1909614,3.2,62260,6457.0,28.8
6099,Stanislaus County,0,10,70,0,2019,193280,9582601319,1433650676,62082421,953,49579,456773702,5.0,40850008,2.9,60704,1045.0,17.1
6049,Modoc County,0,10,70,0,2019,2599,102379240,14660369,719639,757,39385,4834884,5.0,755635,5.4,45507,5925.0,15.2
6045,Mendocino County,0,10,70,0,2019,32450,1349027729,214024406,8521223,799,41573,40605677,3.1,1393302,0.7,51416,2038.0,24.4
6063,Plumas County,0,10,70,0,2019,6544,289908485,39097659,1912647,852,44302,13632708,4.9,967134,2.5,55359,4650.0,23.7
6103,Tehama County,0,10,70,0,2019,18897,845921351,132892102,6238130,861,44764,38918356,4.8,5854644,4.6,44514,2916.0,15.7
6101,Sutter County,0,10,70,0,2019,32060,1378695481,258175057,12252032,827,43003,80785643,6.2,12908505,5.3,59050,2491.0,18.2
6005,Amador County,0,10,70,0,2019,12282,567426129,64232899,2638332,888,46199,18822064,3.4,1011454,1.6,62772,2756.0,19.3
6053,Monterey County,0,10,70,0,2019,198165,9809852067,1617893441,76993182,952,49504,413323527,4.4,64116986,4.1,71015,1262.0,24.7
6057,Nevada County,0,10,70,0,2019,32282,1510767166,229647823,9603928,900,46798,69477938,4.8,5303250,2.4,66096,3314.0,37.2
6031,Kings County,0,10,70,0,2019,48859,2211952183,301600307,13841708,871,45272,127392957,6.1,9959443,3.4,57848,1714.0,14.7
6095,Solano County,0,10,70,0,2019,143081,8848502812,967382227,39277360,1189,61843,546364632,6.6,25775319,2.7,81472,1384.0,26.9
6071,San Bernardino County,0,10,70,0,2019,773699,37874037975,5469079236,216946895,941,48952,2594768644,7.4,213524163,4.1,63362,581.0,21.0
6069,San Benito County,0,10,70,0,2019,17358,879648087,140236262,6527766,975,50677,59019131,7.2,4616140,3.4,86958,4946.0,19.7
6007,Butte County,0,10,70,0,2019,81947,3691803057,527405529,22709504,866,45051,102299265,2.8,7230757,1.4,52537,1618.0,27.2
6113,Yolo County,0,10,70,0,2019,106907,6640472355,658442132,28318179,1195,62115,316891114,5.0,33697839,5.4,70228,1616.0,41.4
6035,Lassen County,0,10,70,0,2019,10011,481293478,37473133,1765549,925,48076,6432989,1.4,252830,0.7,56352,2090.0,12.9
6073,San Diego County,0,10,70,0,2019,1488281,95563912986,10524006727,426638532,1235,64211,4895848719,5.4,213705009,2.1,78980,723.0,38.8
6059,Orange County,0,10,70,0,2019,1650571,106915675358,13366789015,537219929,1246,64775,5368058070,5.3,304234494,2.3,90234,540.0,40.6
6113,Yolo County,0,10,70,0,2020,103222,6783155094,655581811,27930792,1264,65714,142682739,2.1,-2860321,-0.4,73746,1893.0,42.6
6003,Alpine County,0,10,70,0,2020,657,30641384,6926416,378984,897,46638,-113659,-0.4,-817173,-10.6,85750,23875.0,38.4
6097,Sonoma County,0,10,70,0,2020,192969,12272353924,1510468155,58422557,1223,63597,95691744,0.8,-96885747,-6.0,86173,1168.0,36.4
6033,Lake County,0,10,70,0,2020,15682,690872514,110197695,5025300,847,44055,17338472,2.6,-4509156,-3.9,49254,1891.0,16.7
6041,Marin County,0,10,70,0,2020,104171,8792148686,795915042,28375373,1623,84401,197700247,2.3,-60645600,-7.1,121671,3166.0,60.2
6065,Riverside County,0,10,70,0,2020,721926,36759823267,5545951521,217397856,979,50919,1102995887,3.1,30779727,0.6,70732,673.0,23.2
6043,Mariposa County,0,10,70,0,2020,5003,220712550,27685409,1391062,848,44115,-14028819,-6.0,-4844096,-14.9,50960,3491.0000000000005,26.9
6031,Kings County,0,10,70,0,2020,46795,2313364219,303505627,14025983,951,49436,101412036,4.6,1905320,0.6,61556,1585.0,15.0
6073,San Diego County,0,10,70,0,2020,1369521,98468140361,9986506799,395941022,1383,71900,2904227375,3.0,-537499928,-5.1,82426,734.0,39.5
6035,Lassen County,0,10,70,0,2020,9305,506862716,31586275,1504343,1048,54472,25569238,5.3,-5886858,-15.7,56971,3441.0,12.7
6105,Trinity County,0,10,70,0,2020,2668,119163667,15791007,683527,859,44658,7527845,6.7,357300,2.3,41780,5371.0,19.2
6057,Nevada County,0,10,70,0,2020,29913,1567283318,222523281,8976932,1008,52396,56516152,3.7,-7124542,-3.1,68333,3075.0,37.6
6079,San Luis Obispo County,0,10,70,0,2020,109371,6031003319,806935343,29136804,1060,55143,-80414735,-1.3,-32948117,-3.9,77948,1751.0,36.1
6081,San Mateo County,0,10,70,0,2020,385599,60556913203,3352178432,150407375,3020,157046,6554191684,12.1,-203216935,-5.7,128091,2077.0,52.1
6025,Imperial County,0,10,70,0,2020,60515,2765256457,428472263,21362508,879,45696,122749185,4.6,1131599,0.3,46222,2499.0,15.4
6023,Humboldt County,0,10,70,0,2020,47114,2204788579,313684669,12301958,900,46797,75309592,3.5,-11583667,-3.6,49235,2278.0,30.9
6077,San Joaquin County,0,10,70,0,2020,252633,13494246880,1983474775,79735199,1027,53415,833605006,6.6,87127006,4.6,68628,1259.0,19.2
6029,Kern County,0,10,70,0,2020,315656,16428182052,2588361566,125475536,1001,52045,388702804,2.4,2758554,0.1,54851,1087.0,17.1
6111,Ventura County,0,10,70,0,2020,309248,19619198240,2422232788,95315206,1220,63442,471531082,2.5,-76157873,-3.0,89295,1119.0,33.9
6009,Calaveras County,0,10,70,0,2020,9605,439520919,65738576,2751953,880,45761,31211768,7.6,1785770,2.8,67054,4535.0,19.8
6091,Sierra County,0,10,70,0,2020,517,21769292,3272912,146025,809,42073,574886,2.7,-163695,-4.8,52103,5715.0,19.4
6013,Contra Costa County,0,10,70,0,2020,340559,26562151953,2682798952,103752600,1500,77996,384911038,1.5,-128371973,-4.6,103997,1239.0,43.3
6007,Butte County,0,10,70,0,2020,75042,3682033708,494753236,21439339,944,49067,-9769349,-0.3,-32652293,-6.2,54972,2501.0,28.3
6115,Yuba County,0,10,70,0,2020,18956,1077261361,99823422,4510808,1093,56829,90151300,9.1,6547837,7.0,59424,2847.0,18.0
6089,Shasta County,0,10,70,0,2020,64469,3222636213,457587795,19916450,961,49987,148881534,4.8,-2302530,-0.5,57139,1761.0,22.1
6011,Colusa County,0,10,70,0,2020,8768,431164148,73825600,3802769,946,49176,9419326,2.2,-2690373,-3.5,59427,5384.0,14.9
6087,Santa Cruz County,0,10,70,0,2020,97240,5839725596,740714122,29460590,1155,60055,-53134696,-0.9,-40922312,-5.2,89986,2417.0,41.8
6071,San Bernardino County,0,10,70,0,2020,754484,39987741034,5642423182,219057986,1019,53000,2113703059,5.6,173343946,3.2,65761,602.0,21.4
6069,San Benito County,0,10,70,0,2020,16299,848417032,131980240,5951358,1001,52053,-31231055,-3.6,-8256022,-5.9,85808,5575.0,20.1
6095,Solano County,0,10,70,0,2020,132279,8818672349,901369672,37174275,1282,66667,-29830463,-0.3,-66012555,-6.8,84638,1362.0,27.1
6039,Madera County,0,10,70,0,2020,49679,2439974894,399629568,18837814,945,49115,149130285,6.5,3410064,0.9,61924,2695.0,15.2
6037,Los Angeles County,0,10,70,0,2020,4109300,299719985547,32399115822,1238900471,1403,72937,-2997669284,-1.0,-2131667883,-6.2,71358,336.0,33.5
6067,Sacramento County,0,10,70,0,2020,649536,44450039086,4062687770,165166863,1316,68434,1633461339,3.8,-94564461,-2.3,70684,700.0,31.4
6015,Del Norte County,0,10,70,0,2020,7795,352676855,38071478,1880024,870,45244,21535650,6.5,-1911554,-4.8,49981,5145.0,15.4
6093,Siskiyou County,0,10,70,0,2020,13488,621041996,92964351,4476429,885,46044,37504689,6.4,3193644,3.6,47403,2202.0,22.1
6021,Glenn County,0,10,70,0,2020,9310,439171420,72456387,3413522,907,47170,25617562,6.2,3330638,4.8,51682,3745.0,14.4
6017,El Dorado County,0,10,70,0,2020,53107,3023094739,405395905,17260239,1095,56925,60751346,2.1,-14536044,-3.5,83710,2228.0,35.2
6075,San Francisco County,0,10,70,0,2020,684969,105045928196,5639429424,214282126,2949,153359,6286273727,6.4,-655640743,-10.4,119136,2130.0,58.8
6107,Tulare County,0,10,70,0,2020,157273,7147316511,1319086947,65100424,874,45445,246217505,3.6,-20369093,-1.5,52534,1235.0,14.5
6109,Tuolumne County,0,10,70,0,2020,16012,797264206,103275485,4626744,958,49793,-11177054,-1.4,-7236976,-6.5,60509,4193.0,22.3
6085,Santa Clara County,0,10,70,0,2020,1051175,170929137859,8924958073,343737079,3127,162608,16113067368,10.4,-237830404,-2.6,130890,874.0000000000001,53.5
6019,Fresno County,0,10,70,0,2020,379595,18757673397,2793248272,127598181,950,49415,477266017,2.6,-94332896,-3.3,57109,929.0,22.0
6083,Santa Barbara County,0,10,70,0,2020,201236,11907173602,1567448764,62270185,1138,59170,495605540,4.3,96581277,6.6,78925,1565.0,35.0
6027,Inyo County,0,10,70,0,2020,7095,355980435,44564159,1726658,965,50176,5732098,1.6,-3614360,-7.5,59296,4257.0,26.4
6053,Monterey County,0,10,70,0,2020,183716,9716868083,1538285661,72699866,1017,52891,-92983984,-0.9,-79607780,-4.9,76943,1395.0,26.2
6063,Plumas County,0,10,70,0,2020,6179,296343813,38309659,1841469,922,47959,6435328,2.2,-788000,-2.0,57233,5514.0,24.5
6061,Placer County,0,10,70,0,2020,162217,10495521207,1245274667,50444278,1244,64701,491426021,4.9,-46561167,-3.6,93677,1470.0,40.8
6045,Mendocino County,0,10,70,0,2020,29820,1392698277,206742671,8169983,898,46704,43670548,3.2,-7281735,-3.4,52915,2375.0,24.0
6049,Modoc County,0,10,70,0,2020,2594,109812463,15299057,717907,814,42331,7433223,7.3,638688,4.4,51250,4505.0,18.2
6051,Mono County,0,10,70,0,2020,6326,283050307,52777691,2451698,860,44743,-22898122,-7.5,-8642058,-14.1,64924,12575.0,32.1
6103,Tehama County,0,10,70,0,2020,18493,902052701,132583076,8419425,938,48778,56131350,6.6,-309026,-0.2,48895,2550.0,17.4
6101,Sutter County,0,10,70,0,2020,30891,1440117944,258826487,12322765,897,46619,61422463,4.5,651430,0.3,63502,2681.0,20.0
6059,Orange County,0,10,70,0,2020,1503403,107591102504,12662824922,492436253,1376,71565,675427146,0.6,-703964093,-5.3,94441,865.9999999999999,41.2
6055,Napa County,0,10,70,0,2020,70474,4389936367,567286620,23698093,1198,62291,-198833338,-4.3,-52742787,-8.5,92219,2624.0,37.2
6005,Amador County,0,10,70,0,2020,11664,589870052,65763259,2668659,973,50573,22443923,4.0,1530360,2.4,65187,4225.0,18.1
6001,Alameda County,0,10,70,0,2020,731316,64577584110,5665383032,223169770,1698,88303,1444814844,2.3,-342205859,-5.7,104888,1041.0,48.7
6047,Merced County,0,10,70,0,2020,77958,3699514626,591708947,27028115,913,47455,121610529,3.4,4820554,0.8,56330,1450.0,14.1
6099,Stanislaus County,0,10,70,0,2020,184402,9897302500,1411600653,59790707,1032,53673,314701181,3.3,-22050023,-1.5,62873,1328.0,17.7
6003,Alpine County,0,10,70,0,2021,693,31756681,6958447,380055,882,45841,1115297,3.6,32031,0.5,96000,24486.0,39.3
6113,Yolo County,0,10,70,0,2021,105324,7226528277,691543211,26436117,1319,68613,443373183,6.5,35961400,5.5,78386,1935.0,43.1
6051,Mono County,0,10,70,0,2021,7275,337099775,63424097,2991851,891,46340,54049468,19.1,10646406,20.2,71138,11569.0,29.5
6057,Nevada County,0,10,70,0,2021,31102,1725772454,236863313,8885205,1067,55488,158489136,10.1,14340032,6.4,74617,3763.0,38.7
6053,Monterey County,0,10,70,0,2021,188895,10437154964,1613112282,72828935,1063,55254,720286881,7.4,74826621,4.9,82013,1767.0,26.5
6059,Orange County,0,10,70,0,2021,1557553,117113418514,13315947301,479561328,1446,75191,9522316010,8.9,653122379,5.2,100485,718.0,42.1
6005,Amador County,0,10,70,0,2021,11854,635915231,69717808,2582887,1032,53646,46045179,7.8,3954549,6.0,69955,5482.0,19.5
6115,Yuba County,0,10,70,0,2021,19266,1148504543,103368781,4013563,1146,59612,71243182,6.6,3545359,3.6,62666,3347.0,17.7
6001,Alameda County,0,10,70,0,2021,754951,69755749224,5905126359,216654330,1777,92398,5178165114,8.0,239743327,4.2,112017,1043.0,49.6
6055,Napa County,0,10,70,0,2021,72526,4825066414,600371852,22881337,1279,66529,435130047,9.9,33085232,5.8,97498,3817.0,37.0
6099,Stanislaus County,0,10,70,0,2021,189249,10721705883,1515510909,59131484,1090,56654,824403383,8.3,103910256,7.4,68368,1506.0,17.9
6045,Mendocino County,0,10,70,0,2021,30750,1495732376,215300058,7728881,935,48642,103034099,7.4,8557387,4.1,56378,1858.0,24.5
6049,Modoc County,0,10,70,0,2021,2652,117865095,15839582,724959,855,44441,8052632,7.3,540525,3.5,51090,4051.0,19.7
6047,Merced County,0,10,70,0,2021,80019,3956931263,625980321,26149916,951,49450,257416637,7.0,34271374,5.8,58861,1698.0,14.1
6101,Sutter County,0,10,70,0,2021,31719,1571163542,272577536,11557627,953,49534,131045598,9.1,13751049,5.3,67003,2559.0,20.0
6103,Tehama County,0,10,70,0,2021,19112,995339976,143035225,6105763,1002,52079,93287275,10.3,10452149,7.9,52901,3393.0,17.0
6063,Plumas County,0,10,70,0,2021,6194,315073859,39378992,1828452,978,50870,18730046,6.3,1069333,2.8,57885,4555.0,23.0
6061,Placer County,0,10,70,0,2021,173223,11746279048,1374534714,50394355,1304,67810,1250757841,11.9,129260047,10.4,99734,1495.0,41.6
6073,San Diego County,0,10,70,0,2021,1424139,107899746176,10653417261,387103005,1457,75765,9431605815,9.6,666910462,6.7,88240,741.0,40.3
6031,Kings County,0,10,70,0,2021,46819,2373589228,308653470,12857676,975,50697,60225009,2.6,5147843,1.7,63267,1900.0,14.3
6033,Lake County,0,10,70,0,2021,16023,752664725,114645916,4811188,903,46973,61792211,8.9,4448221,4.0,53399,2483.0,17.5
6035,Lassen County,0,10,70,0,2021,9336,522648050,31960793,1259985,1077,55982,15785334,3.1,374518,1.2,59292,5190.0,11.8
6097,Sonoma County,0,10,70,0,2021,197622,13498674215,1570361273,55639934,1314,68306,1226320291,10.0,59893118,4.0,91607,1792.0,37.1
6095,Solano County,0,10,70,0,2021,132666,8699404612,940376891,34339618,1261,65574,-119267737,-1.4,39007219,4.3,89648,1708.0,27.8
6071,San Bernardino County,0,10,70,0,2021,794603,44120855702,6128711802,217621629,1068,55526,4133114668,10.3,486288620,8.6,70287,765.0,21.9
6105,Trinity County,0,10,70,0,2021,2717,131650375,15997846,637922,932,48450,12486708,10.5,206839,1.3,42206,3065.0,18.6
6069,San Benito County,0,10,70,0,2021,16972,936191596,137979153,5794966,1061,55161,87774564,10.3,5998913,4.5,95606,5887.0,20.5
6065,Riverside County,0,10,70,0,2021,761553,40937414125,6025636318,218021207,1034,53755,4177590858,11.4,479684797,8.6,76066,833.0,23.5
6043,Mariposa County,0,10,70,0,2021,5145,240929949,30798393,1512926,901,46828,20217399,9.2,3112984,11.2,53304,4026.0,28.9
6041,Marin County,0,10,70,0,2021,105624,9378832152,817512808,27291779,1708,88795,586683466,6.7,21597766,2.7,131008,4163.0,60.1
6067,Sacramento County,0,10,70,0,2021,669697,47797830657,4291319065,157542290,1373,71372,3347791571,7.5,228631295,5.6,76422,758.0,32.0
6039,Madera County,0,10,70,0,2021,51699,2616228495,426808478,19072790,973,50605,176253601,7.2,27178910,6.8,66709,2541.0,16.4
6037,Los Angeles County,0,10,70,0,2021,4252857,329010735184,34206674932,1218863838,1488,77362,29290749637,9.8,1807559110,5.6,76367,411.0,34.0
6021,Glenn County,0,10,70,0,2021,9349,462242135,72908394,3043226,951,49443,23070715,5.3,452007,0.6,56332,4619.0,14.9
6093,Siskiyou County,0,10,70,0,2021,13651,657490613,99297763,4306826,926,48164,36448617,5.9,6333412,6.8,49857,2637.0,21.5
6015,Del Norte County,0,10,70,0,2021,7886,379636126,41304201,1627547,926,48142,26959271,7.6,3232723,8.5,53280,5046.0,16.1
6107,Tulare County,0,10,70,0,2021,163133,7753692584,1395087463,62276315,914,47530,606376073,8.5,76000516,5.8,57394,1402.0,15.2
6017,El Dorado County,0,10,70,0,2021,55385,3238553513,424682007,16531172,1124,58474,215458774,7.1,19286102,4.8,88770,3114.0,36.8
6085,Santa Clara County,0,10,70,0,2021,1070603,198332136569,9127684921,326919816,3563,185253,27402998710,16.0,202726848,2.3,140258,1577.0,54.4
6019,Fresno County,0,10,70,0,2021,392496,20450561257,2974526321,124028053,1002,52104,1692887860,9.0,181278049,6.5,61276,1031.0,22.6
6083,Santa Barbara County,0,10,70,0,2021,209589,13132878398,1674748408,61507987,1205,62660,1225704796,10.3,107299644,6.8,84356,1598.0,35.1
6029,Kern County,0,10,70,0,2021,326740,17498683681,2685155088,118777069,1030,53555,1070501629,6.5,96793522,3.7,58824,1190.0,17.6
6025,Imperial County,0,10,70,0,2021,63620,3027230208,461500291,20873261,915,47583,261973751,9.5,33028028,7.7,49078,2530.0,15.2
6075,San Francisco County,0,10,70,0,2021,687180,125966154802,5692546733,206572119,3525,183309,20920226606,19.9,53117309,0.9,126187,2010.0,59.5
6077,San Joaquin County,0,10,70,0,2021,263909,14840715132,2109677645,81769792,1081,56234,1346468252,10.0,126202870,6.4,74962,1145.0,19.5
6027,Inyo County,0,10,70,0,2021,7190,374099418,46884968,1733998,1001,52029,18118983,5.1,2320809,5.2,60925,5516.0,27.3
6081,San Mateo County,0,10,70,0,2021,402971,73347891571,3506668808,120383018,3500,182018,12790978368,21.1,154490376,4.6,136837,2151.0,52.5
6023,Humboldt County,0,10,70,0,2021,47709,2358078490,322481775,11641985,951,49427,153289911,7.0,8797106,2.8,53350,2424.0,31.2
6079,San Luis Obispo County,0,10,70,0,2021,114614,6507718088,863481884,28624286,1092,56779,476714769,7.9,56546541,7.0,82514,2487.0,36.7
6087,Santa Cruz County,0,10,70,0,2021,99476,6175547671,767054033,28653028,1194,62081,335822075,5.8,26339911,3.6,96093,2903.0,41.9
6111,Ventura County,0,10,70,0,2021,315370,20655618851,2509370164,90977469,1260,65497,1036420611,5.3,87137376,3.6,94150,1310.0,34.0
6091,Sierra County,0,10,70,0,2021,554,24476087,3853117,165060,849,44147,2706795,12.4,580205,17.7,56152,7184.000000000001,22.3
6009,Calaveras County,0,10,70,0,2021,9977,469980479,70185625,2762466,906,47106,30459560,6.9,4447049,6.8,70119,6448.0,19.9
6011,Colusa County,0,10,70,0,2021,9354,467435131,79347803,3939491,961,49972,36270983,8.4,5522203,7.5,61861,6540.0,14.7
6089,Shasta County,0,10,70,0,2021,65794,3509783320,484131198,18961154,1026,53345,287147107,8.9,26543403,5.8,61937,2140.0,22.6
6013,Contra Costa County,0,10,70,0,2021,350476,28347270991,2838063379,102144550,1555,80882,1785119038,6.7,155264427,5.8,110455,1219.0,44.1
6007,Butte County,0,10,70,0,2021,76955,3941667461,519277667,20117247,985,51220,259633753,7.1,24524431,5.0,59863,1989.0,29.8
6109,Tuolumne County,0,10,70,0,2021,16647,873331049,109448332,4263965,1009,52461,76066843,9.5,6172847,6.0,66846,6779.0,24.6
6113,Yolo County,0,10,70,0,2022,108921,7796732941,715390779,23568158,1377,71581,570204664,7.9,23847568,3.4,85097,2333.0,43.3
6003,Alpine County,0,10,70,0,2022,668,36321362,8029766,432622,1046,54394,4564681,14.4,1071319,15.4,101125,17442.0,39.6
6089,Shasta County,0,10,70,0,2022,67595,3715592930,490831543,16791824,1057,54969,205809610,5.9,6700345,1.4,68347,2480.0,22.8
6091,Sierra County,0,10,70,0,2022,562,26015480,3902983,140987,890,46284,1539393,6.3,49866,1.3,61108,9237.0,23.9
6085,Santa Clara County,0,10,70,0,2022,1117310,187497533152,9386857258,287396929,3227,167812,-10834603417,-5.5,259172337,2.8,153792,1545.0,55.3
6083,Santa Barbara County,0,10,70,0,2022,217351,13821470177,1700295976,52564370,1223,63591,688591779,5.2,25547568,1.5,92332,1889.0,35.7
6093,Siskiyou County,0,10,70,0,2022,13914,686473225,99722575,3765372,949,49338,28982612,4.4,424812,0.4,53898,2640.0,22.0
6087,Santa Cruz County,0,10,70,0,2022,104036,6599819917,799492256,26054481,1220,63438,424272246,6.9,32438223,4.2,104409,3173.0,42.5
6073,San Diego County,0,10,70,0,2022,1507661,115966640024,11233199152,347626139,1479,76918,8066893848,7.5,579781891,5.4,96974,993.0,41.0
6071,San Bernardino County,0,10,70,0,2022,837301,48087480726,6349187306,192032069,1104,57432,3966625024,9.0,220475504,3.6,77423,806.0,22.4
6095,Solano County,0,10,70,0,2022,138619,9224947408,978633279,30961140,1280,66549,525542796,6.0,38256388,4.1,97037,1724.0,28.2
6097,Sonoma County,0,10,70,0,2022,207234,14345959284,1621046365,49046732,1331,69226,847285069,6.3,50685092,3.2,99266,1988.0,37.8
6077,San Joaquin County,0,10,70,0,2022,280168,16210454347,2196307763,74428280,1113,57860,1369739215,9.2,86630118,4.1,82837,1448.0,20.3
6075,San Francisco County,0,10,70,0,2022,738015,116309275903,5922058823,181567670,3031,157597,-9656878899,-7.7,229512090,4.0,136689,1954.0,59.8
6079,San Luis Obispo County,0,10,70,0,2022,119143,6847977932,879664868,24731666,1105,57477,340259844,5.2,16182984,1.9,90158,2311.0,38.0
6081,San Mateo County,0,10,70,0,2022,421592,66820145043,3561102644,102858317,3048,158495,-6527746528,-8.9,54433836,1.6,149907,2621.0,52.9
6055,Napa County,0,10,70,0,2022,77788,5252108386,636705774,20908235,1298,67518,427041972,8.9,36333922,6.1,105809,2981.0,37.8
6053,Monterey County,0,10,70,0,2022,199291,11223695135,1697123675,69934010,1083,56318,786540171,7.5,84011393,5.2,91043,1900.0,27.1
6049,Modoc County,0,10,70,0,2022,2652,127315573,16244431,674419,923,48007,9450478,8.0,404849,2.6,54962,5389.0,23.8
6051,Mono County,0,10,70,0,2022,7953,399471038,71367923,3223539,966,50227,62371263,18.5,7943826,12.5,82038,15388.0,31.7
6101,Sutter County,0,10,70,0,2022,32790,1686578826,278886813,10739321,989,51436,115415284,7.3,6309277,2.3,72654,3425.0000000000005,20.6
6043,Mariposa County,0,10,70,0,2022,5570,272372441,34241569,1616797,940,48904,31442492,13.1,3443176,11.2,60021,5293.0,28.9
6045,Mendocino County,0,10,70,0,2022,31903,1587422986,216311061,6790722,957,49757,91690610,6.1,1011003,0.5,61335,2198.0,24.0
6047,Merced County,0,10,70,0,2022,83252,4239707631,645921950,23840269,979,50926,282776368,7.1,19941629,3.2,64772,2142.0,14.6
6061,Placer County,0,10,70,0,2022,181728,12543063079,1448644792,45077950,1327,69021,796784031,6.8,74110078,5.4,109375,1856.0,42.4
6099,Stanislaus County,0,10,70,0,2022,196601,11439795410,1559096392,53416785,1119,58188,718089527,6.7,43585483,2.9,74872,1371.0,18.2
6057,Nevada County,0,10,70,0,2022,32855,1881665095,250655237,8163997,1101,57272,155892641,9.0,13791924,5.8,79395,3823.0,38.8
6059,Orange County,0,10,70,0,2022,1632794,124649464179,13766200377,421465434,1468,76341,7536045665,6.4,450253076,3.4,109361,882.0,42.8
6065,Riverside County,0,10,70,0,2022,805582,44700044395,6263173618,195283545,1067,55488,3762630270,9.2,237537300,3.9,84505,1061.0,24.1
6063,Plumas County,0,10,70,0,2022,6289,337645906,40114424,1738325,1032,53688,22572047,7.2,735432,1.9,67885,7772.000000000001,21.2
6067,Sacramento County,0,10,70,0,2022,698234,51735131803,4470445586,140346483,1425,74094,3937301146,8.2,179126521,4.2,84010,816.0,32.6
6069,San Benito County,0,10,70,0,2022,17723,1006253880,141478931,5205072,1092,56776,70062284,7.5,3499778,2.5,104451,5461.0,22.0
6029,Kern County,0,10,70,0,2022,341045,18749257584,2772300024,109005959,1057,54976,1250573903,7.1,87144936,3.2,63883,1325.0,18.3
6027,Inyo County,0,10,70,0,2022,7312,394961069,47453725,1552579,1039,54014,20861651,5.6,568757,1.2,63417,5453.0,29.0
6023,Humboldt County,0,10,70,0,2022,49337,2499043212,325323985,10211487,974,50653,140964722,6.0,2842210,0.9,57881,2131.0,31.1
6025,Imperial County,0,10,70,0,2022,65469,3291970590,476588346,19278034,967,50283,264740382,8.7,15088055,3.3,53847,2214.0,15.9
6107,Tulare County,0,10,70,0,2022,173456,8474085130,1478957769,58612685,940,48854,720392546,9.3,83870306,6.0,64474,1489.0,15.6
6017,El Dorado County,0,10,70,0,2022,57308,3510066923,441962318,15029883,1178,61249,271513410,8.4,17280311,4.1,99246,3330.0,38.0
6015,Del Norte County,0,10,70,0,2022,8104,391218456,42504359,1505975,928,48278,11582330,3.1,1200158,2.9,61149,4376.0,17.7
6013,Contra Costa County,0,10,70,0,2022,367582,30263732817,2957375497,91588933,1583,82332,1916461826,6.8,119312118,4.2,120020,1496.0,44.5
6001,Alameda County,0,10,70,0,2022,787020,73227737151,6124235722,190321127,1789,93044,3471987927,5.0,219109363,3.7,122488,1231.0,50.9
6115,Yuba County,0,10,70,0,2022,20314,1239887821,107776200,3702332,1174,61035,91383278,8.0,4407419,4.3,66693,2796.0,17.4
6009,Calaveras County,0,10,70,0,2022,10626,515648829,76902550,2587267,933,48528,45668350,9.7,6716925,9.6,77526,3875.000000000001,21.4
6011,Colusa County,0,10,70,0,2022,8901,472436597,75123552,3367081,1021,53080,5001466,1.1,-4224251,-5.3,69619,5745.0,14.3
6109,Tuolumne County,0,10,70,0,2022,16981,912751975,109107834,3766819,1034,53751,39420926,4.5,-340498,-0.3,70432,4691.0,24.4
6005,Amador County,0,10,70,0,2022,12114,656580537,72116057,2303806,1042,54202,20665306,3.2,2398249,3.4,74853,6048.0,20.6
6111,Ventura County,0,10,70,0,2022,328204,21682134970,2586290039,80428970,1270,66063,1026516119,5.0,76919875,3.1,102141,1528.0,34.7
6007,Butte County,0,10,70,0,2022,78536,4122718075,519439686,17395542,1010,52494,181050614,4.6,162019,0.0,66085,2261.0,30.8
6105,Trinity County,0,10,70,0,2022,2760,146177066,16666280,602029,1019,52972,14526691,11.0,668434,4.2,47317,5890.0,19.2
6031,Kings County,0,10,70,0,2022,48985,2545186317,330347614,12752130,999,51958,171597089,7.2,21694144,7.0,68540,2253.0,14.7
6033,Lake County,0,10,70,0,2022,16473,793850998,115036853,4166039,927,48190,41186273,5.5,390937,0.3,56259,2439.0,18.2
6103,Tehama County,0,10,70,0,2022,19537,1046306597,144054301,5507214,1030,53555,50966621,5.1,1019076,0.7,59029,4103.0,18.2
6037,Los Angeles County,0,10,70,0,2022,4481040,351557651203,35628775931,1100456046,1509,78454,22546916019,6.9,1422100999,4.2,83411,439.0,34.6
6035,Lassen County,0,10,70,0,2022,9276,507247837,32724807,1114056,1052,54686,-15400213,-2.9,764014,2.4,59515,3551.0000000000005,12.1
6019,Fresno County,0,10,70,0,2022,412147,22234713916,3103840747,114446012,1037,53949,1784152659,8.7,129314426,4.3,67756,967.0,23.4
6021,Glenn County,0,10,70,0,2022,9584,481438541,73456333,2630961,966,50234,19196406,4.2,547939,0.8,64033,3963.0,14.9
6039,Madera County,0,10,70,0,2022,54026,2823487399,435339135,16484991,1005,52262,207258904,7.9,8530657,2.0,73543,2844.0,17.2
6041,Marin County,0,10,70,0,2022,108927,9750782133,839182525,24064080,1721,89516,371949981,4.0,21669717,2.7,142019,4098.0,61.1
6069,San Benito County,0,10,70,0,2023,17673,1010786173,135718203,4921120,1100,57192,4532293,0.5,-5760728,-4.1,108289,4359.0,22.4
6095,Solano County,0,10,70,0,2023,139939,9588161392,978172117,30331580,1318,68517,363213984,3.9,-461162,0.0,99994,2122.0,28.4
6079,San Luis Obispo County,0,10,70,0,2023,120452,7191661379,880280026,23953111,1148,59706,343683447,5.0,615158,0.1,93398,2535.0,39.2
6081,San Mateo County,0,10,70,0,2023,420679,73332296290,3515579129,97847238,3352,174319,6512151247,9.7,-45523515,-1.3,156000,3019.0,53.1
6073,San Diego County,0,10,70,0,2023,1525913,121534029893,11070176637,329898459,1532,79647,5567389869,4.8,-163022515,-1.5,102285,898.9999999999999,42.1
6071,San Bernardino County,0,10,70,0,2023,839180,49995091221,6140543278,181540736,1146,59576,1907610495,4.0,-208644028,-3.3,82184,950.0,22.9
6043,Mariposa County,0,10,70,0,2023,5893,294552693,34825093,1615133,961,49981,22180252,8.1,583524,1.7,65378,7311.000000000001,30.9
6101,Sutter County,0,10,70,0,2023,32842,1761420516,271248808,10310319,1031,53633,74841690,4.4,-7638005,-2.7,75450,3741.0,20.2
6047,Merced County,0,10,70,0,2023,83841,4451080656,639106647,23120949,1021,53090,211373025,5.0,-6815303,-1.1,65044,2052.0,14.8
6045,Mendocino County,0,10,70,0,2023,32162,1669802832,214288389,6518394,998,51919,82379846,5.2,-2022672,-0.9,64688,2951.0,24.9
6053,Monterey County,0,10,70,0,2023,196972,11726784114,1648952788,67271221,1145,59535,503088979,4.5,-48170887,-2.8,94486,1879.0,27.9
6055,Napa County,0,10,70,0,2023,79646,5522535367,641090130,19818347,1333,69338,270426981,5.1,4384356,0.7,108970,3018.0,38.5
6051,Mono County,0,10,70,0,2023,8321,423390144,70738963,3067969,978,50882,23919106,6.0,-628960,-0.9,86953,18529.0,34.3
6049,Modoc County,0,10,70,0,2023,2707,138984565,16759665,656943,987,51344,11668992,9.2,515234,3.2,56648,3735.0,23.0
6061,Placer County,0,10,70,0,2023,184581,13060394180,1438160761,43714913,1361,70757,517331101,4.1,-10484031,-0.7,114678,1891.0,42.9
6063,Plumas County,0,10,70,0,2023,6371,364537639,40383888,1725509,1100,57223,26891733,8.0,269464,0.7,64946,4399.0,20.5
6067,Sacramento County,0,10,70,0,2023,709131,54381977866,4411486454,135122584,1475,76688,2646846063,5.1,-58959132,-1.3,88724,986.0,33.3
6065,Riverside County,0,10,70,0,2023,820248,47265888334,6204317707,188737736,1108,57624,2565843939,5.7,-58855911,-0.9,89672,879.0000000000001,25.1
6097,Sonoma County,0,10,70,0,2023,207356,14512935735,1583758004,46151996,1346,69990,166976451,1.2,-37288361,-2.3,102840,2032.0,37.8
6099,Stanislaus County,0,10,70,0,2023,197158,11972976684,1508327004,50435775,1168,60728,533181274,4.7,-50769388,-3.3,79661,1906.0,19.1
6059,Orange County,0,10,70,0,2023,1645472,128169604926,13542268978,398493871,1498,77892,3520140747,2.8,-223931399,-1.6,113702,986.0,43.4
6057,Nevada County,0,10,70,0,2023,33654,2012445995,251211212,8029724,1150,59798,130780900,7.0,555975,0.2,84905,4336.0,39.5
6083,Santa Barbara County,0,10,70,0,2023,215839,14206742690,1604941749,48981223,1266,65821,385272513,2.8,-95354227,-5.6,95977,1875.0,35.9
6085,Santa Clara County,0,10,70,0,2023,1119710,195606022735,9029586005,259555038,3359,174694,8108489583,4.3,-357271253,-3.8,159674,1962.0,55.9
6087,Santa Cruz County,0,10,70,0,2023,103428,6754244900,769996946,24577617,1256,65304,154424983,2.3,-29495310,-3.7,109266,2959.0,43.6
6093,Siskiyou County,0,10,70,0,2023,13995,716044520,98049393,3592258,984,51166,29571295,4.3,-1673182,-1.7,55499,2854.0,23.1
6003,Alpine County,0,10,70,0,2023,805,39625991,8344339,451774,947,49230,3304629,9.1,314573,3.9,110781,18601.0,42.1
6113,Yolo County,0,10,70,0,2023,109138,7965315789,689927629,22480774,1404,72984,168582848,2.2,-25463150,-3.6,88818,3641.0,44.1
6091,Sierra County,0,10,70,0,2023,567,26545658,4184759,147192,901,46845,530178,2.0,281776,7.2,60000,17579.0,24.4
6089,Shasta County,0,10,70,0,2023,68529,3914774888,487758970,16332407,1099,57126,199181958,5.4,-3072573,-0.6,71931,2596.0,23.3
6075,San Francisco County,0,10,70,0,2023,723526,120901072719,5722090963,165830302,3213,167100,4591796816,3.9,-199967860,-3.4,141446,2576.0,60.1
6077,San Joaquin County,0,10,70,0,2023,282753,16920116556,2161183862,72982087,1151,59841,709662209,4.4,-35123901,-1.6,88531,1554.0,21.6
6031,Kings County,0,10,70,0,2023,49985,2687464040,330490241,12519972,1034,53765,142277723,5.6,142627,0.0,68750,2976.0,13.9
6033,Lake County,0,10,70,0,2023,16568,839979607,114705063,4117832,975,50699,46128609,5.8,-331790,-0.3,58738,2308.0,17.7
6039,Madera County,0,10,70,0,2023,54642,2936053971,439628671,16759160,1033,53732,112566572,4.0,4289536,1.0,75496,2389.0,17.1
6041,Marin County,0,10,70,0,2023,110678,10067538222,839683227,23333349,1749,90962,316756089,3.2,500702,0.1,142785,4083.000000000001,60.5
6105,Trinity County,0,10,70,0,2023,2804,157142287,16869656,611948,1078,56044,10965221,7.5,203376,1.2,53498,7852.000000000001,18.0
6103,Tehama County,0,10,70,0,2023,19801,1099335057,146049376,5322538,1068,55521,53028460,5.1,1995075,1.4,61834,3283.0,18.8
6017,El Dorado County,0,10,70,0,2023,57979,3719690478,439762884,14762123,1234,64156,209623555,6.0,-2199434,-0.5,106190,3811.0,38.8
6107,Tulare County,0,10,70,0,2023,174904,8899596807,1443556817,57632488,979,50883,425511677,5.0,-35400952,-2.4,69489,1785.0,15.8
6021,Glenn County,0,10,70,0,2023,9569,497869284,73467692,2718868,1001,52031,16430743,3.4,11359,0.0,70487,4406.0,16.5
6019,Fresno County,0,10,70,0,2023,418515,23468479171,3100159090,113727888,1078,56076,1233765255,5.5,-3681657,-0.1,71434,1034.0,23.9
6027,Inyo County,0,10,70,0,2023,7529,438974602,47259214,1465826,1121,58301,44013533,11.1,-194511,-0.4,72432,7052.000000000001,31.8
6029,Kern County,0,10,70,0,2023,343323,19799867554,2709871105,105797467,1109,57671,1050609970,5.6,-62428919,-2.3,67660,1400.0,18.6
6025,Imperial County,0,10,70,0,2023,65766,3486905092,471043647,19360763,1020,53020,194934502,5.9,-5544699,-1.2,56393,2266.0,16.1
6023,Humboldt County,0,10,70,0,2023,49789,2642579828,316433506,9670158,1021,53076,143536616,5.7,-8890479,-2.7,61135,1997.0,32.1
6035,Lassen County,0,10,70,0,2023,9025,519395132,33865540,1135963,1107,57550,12147295,2.4,1140733,3.5,64395,5496.0,13.2
6037,Los Angeles County,0,10,70,0,2023,4470309,360229831027,34586318932,1033281905,1550,80583,8672179824,2.5,-1042456999,-2.9,87760,463.0,35.5
6009,Calaveras County,0,10,70,0,2023,10347,538511702,70346454,2375695,1001,52045,22862873,4.4,-6556096,-8.5,79877,4638.0,22.2
6011,Colusa County,0,10,70,0,2023,9319,535287870,80148583,3668597,1105,57443,62851273,13.3,5025031,6.7,75149,8491.0,14.5
6111,Ventura County,0,10,70,0,2023,330058,22364862161,2538928665,76392135,1303,67760,682727191,3.1,-47361374,-1.8,107327,1391.0,35.7
6007,Butte County,0,10,70,0,2023,78295,4299350648,511266648,16719618,1056,54913,176632573,4.3,-8173038,-1.6,68574,2351.0,31.7
6015,Del Norte County,0,10,70,0,2023,8219,419334475,43338341,1518058,981,51023,28116019,7.2,833982,2.0,66780,6256.0,21.0
6013,Contra Costa County,0,10,70,0,2023,369761,30985179058,2885952876,85851043,1611,83798,721446241,2.4,-71422621,-2.4,125727,1829.0,44.9
6005,Amador County,0,10,70,0,2023,12264,692691120,71020806,2245093,1086,56482,36110583,5.5,-1095251,-1.5,81526,7398.0,22.4
6109,Tuolumne County,0,10,70,0,2023,17392,980598082,110660298,3700219,1084,56383,67846107,7.4,1552464,1.4,72259,5678.0,23.9
6001,Alameda County,0,10,70,0,2023,793089,75129782205,6004794054,178504244,1822,94731,1902045054,2.6,-119441668,-2.0,126240,1364.0,51.5
6115,Yuba County,0,10,70,0,2023,20703,1326912165,107086780,3679909,1233,64094,87024344,7.0,-689420,-0.6,73313,4341.0,17.9
