ID State,State,ID County,County,ID Year,Year,Severe Housing Problems,Severe Housing Problems CI Low,Severe Housing Problems CI High,Slug County
"04000US06","California","05000US06001","Alameda County, CA",2023,"2023",0.2334907054901123,0.22899411618709564,0.23798729479312897,"alameda-county-ca"
"04000US06","California","05000US06003","Alpine County, CA",2023,"2023",0.15714286267757416,0.07990185171365738,0.23438386619091034,"alpine-county-ca"
"04000US06","California","05000US06005","Amador County, CA",2023,"2023",0.18328194320201874,0.15346170961856842,0.21310219168663025,"amador-county-ca"
"04000US06","California","05000US06007","Butte County, CA",2023,"2023",0.21431082487106323,0.20192676782608032,0.22669489681720734,"butte-county-ca"
"04000US06","California","05000US06009","Calaveras County, CA",2023,"2023",0.17798110842704773,0.14955848455429077,0.20640374720096588,"calaveras-county-ca"
"04000US06","California","05000US06011","Colusa County, CA",2023,"2023",0.17301037907600403,0.1416471153497696,0.20437364280223846,"colusa-county-ca"
"04000US06","California","05000US06013","Contra Costa County, CA",2023,"2023",0.20308028161525726,0.19694969058036804,0.2092108577489853,"contra-costa-county-ca"
"04000US06","California","05000US06015","Del Norte County, CA",2023,"2023",0.18753142654895782,0.15353715419769287,0.22152569890022278,"del-norte-county-ca"
"04000US06","California","05000US06017","El Dorado County, CA",2023,"2023",0.17618879675865173,0.16364723443984985,0.1887303590774536,"el-dorado-county-ca"
"04000US06","California","05000US06019","Fresno County, CA",2023,"2023",0.2625647485256195,0.2557854652404785,0.2693440318107605,"fresno-county-ca"
"04000US06","California","05000US06021","Glenn County, CA",2023,"2023",0.21417947113513947,0.1708364635705948,0.25752249360084534,"glenn-county-ca"
"04000US06","California","05000US06023","Humboldt County, CA",2023,"2023",0.24945135414600372,0.23142337799072266,0.2674793303012848,"humboldt-county-ca"
"04000US06","California","05000US06025","Imperial County, CA",2023,"2023",0.2593129575252533,0.2418862134218216,0.2767397165298462,"imperial-county-ca"
"04000US06","California","05000US06027","Inyo County, CA",2023,"2023",0.15408805012702942,0.12432055920362473,0.1838555485010147,"inyo-county-ca"
"04000US06","California","05000US06029","Kern County, CA",2023,"2023",0.2419527918100357,0.23460151255130768,0.24930407106876373,"kern-county-ca"
"04000US06","California","05000US06031","Kings County, CA",2023,"2023",0.21093210577964783,0.19304107129573822,0.22882314026355743,"kings-county-ca"
"04000US06","California","05000US06033","Lake County, CA",2023,"2023",0.19641464948654175,0.1749262511730194,0.21790306270122528,"lake-county-ca"
"04000US06","California","05000US06035","Lassen County, CA",2023,"2023",0.14224137365818024,0.11698438972234726,0.1674983650445938,"lassen-county-ca"
"04000US06","California","05000US06037","Los Angeles County, CA",2023,"2023",0.3204810619354248,0.31818485260009766,0.32277730107307434,"los-angeles-county-ca"
"04000US06","California","05000US06039","Madera County, CA",2023,"2023",0.2337343990802765,0.21346552670001984,0.25400328636169434,"madera-county-ca"
"04000US06","California","05000US06041","Marin County, CA",2023,"2023",0.22009864449501038,0.20861560106277466,0.2315816879272461,"marin-county-ca"
"04000US06","California","05000US06043","Mariposa County, CA",2023,"2023",0.20994113385677338,0.16683730483055115,0.2530449628829956,"mariposa-county-ca"
"04000US06","California","05000US06045","Mendocino County, CA",2023,"2023",0.2502179741859436,0.2288658171892166,0.2715701162815094,"mendocino-county-ca"
"04000US06","California","05000US06047","Merced County, CA",2023,"2023",0.23078365623950958,0.21719521284103394,0.24437208473682404,"merced-county-ca"
"04000US06","California","05000US06049","Modoc County, CA",2023,"2023",0.13416321575641632,0.09565911442041397,0.17266730964183807,"modoc-county-ca"
"04000US06","California","05000US06051","Mono County, CA",2023,"2023",0.10283315926790237,0.06147115305066109,0.14419516921043396,"mono-county-ca"
"04000US06","California","05000US06053","Monterey County, CA",2023,"2023",0.29806143045425415,0.2849308252334595,0.31119200587272644,"monterey-county-ca"
"04000US06","California","05000US06055","Napa County, CA",2023,"2023",0.2182527482509613,0.2052541822195053,0.2312513142824173,"napa-county-ca"
"04000US06","California","05000US06057","Nevada County, CA",2023,"2023",0.19997552037239075,0.18182000517845154,0.21813105046749115,"nevada-county-ca"
"04000US06","California","05000US06059","Orange County, CA",2023,"2023",0.260749489068985,0.25645604729652405,0.2650429606437683,"orange-county-ca"
"04000US06","California","05000US06061","Placer County, CA",2023,"2023",0.16324244439601898,0.1555764377117157,0.17090845108032227,"placer-county-ca"
"04000US06","California","05000US06063","Plumas County, CA",2023,"2023",0.15857988595962524,0.11979562044143677,0.19736415147781372,"plumas-county-ca"
"04000US06","California","05000US06065","Riverside County, CA",2023,"2023",0.24976031482219696,0.24534791707992554,0.2541727125644684,"riverside-county-ca"
"04000US06","California","05000US06067","Sacramento County, CA",2023,"2023",0.21449288725852966,0.20932087302207947,0.21966490149497986,"sacramento-county-ca"
"04000US06","California","05000US06069","San Benito County, CA",2023,"2023",0.22249792516231537,0.19477523863315582,0.2502206265926361,"san-benito-county-ca"
"04000US06","California","05000US06071","San Bernardino County, CA",2023,"2023",0.25518834590911865,0.2500433921813965,0.2603332996368408,"san-bernardino-county-ca"
"04000US06","California","05000US06073","San Diego County, CA",2023,"2023",0.2515362799167633,0.24773593246936798,0.25533661246299744,"san-diego-county-ca"
"04000US06","California","05000US06075","San Francisco County, CA",2023,"2023",0.23303113877773285,0.22697889804840088,0.239083394408226,"san-francisco-county-ca"
"04000US06","California","05000US06077","San Joaquin County, CA",2023,"2023",0.24041301012039185,0.23163647949695587,0.24918954074382782,"san-joaquin-county-ca"
"04000US06","California","05000US06079","San Luis Obispo County, CA",2023,"2023",0.21150216460227966,0.19935666024684906,0.22364766895771027,"san-luis-obispo-county-ca"
"04000US06","California","05000US06081","San Mateo County, CA",2023,"2023",0.2320476621389389,0.22544822096824646,0.23864710330963135,"san-mateo-county-ca"
"04000US06","California","05000US06083","Santa Barbara County, CA",2023,"2023",0.2857632637023926,0.27602383494377136,0.2955026626586914,"santa-barbara-county-ca"
"04000US06","California","05000US06085","Santa Clara County, CA",2023,"2023",0.22696281969547272,0.22243690490722656,0.23148873448371887,"santa-clara-county-ca"
"04000US06","California","05000US06087","Santa Cruz County, CA",2023,"2023",0.2646629214286804,0.2496114820241928,0.27971434593200684,"santa-cruz-county-ca"
"04000US06","California","05000US06089","Shasta County, CA",2023,"2023",0.21761730313301086,0.20445439219474792,0.2307802140712738,"shasta-county-ca"
"04000US06","California","05000US06091","Sierra County, CA",2023,"2023",0.20075757801532745,0.10526134818792343,0.2962538003921509,"sierra-county-ca"
"04000US06","California","05000US06093","Siskiyou County, CA",2023,"2023",0.1829521805047989,0.16339711844921112,0.20250724256038666,"siskiyou-county-ca"
"04000US06","California","05000US06095","Solano County, CA",2023,"2023",0.20708638429641724,0.19676078855991364,0.21741196513175964,"solano-county-ca"
"04000US06","California","05000US06097","Sonoma County, CA",2023,"2023",0.21710890531539917,0.20889531075954437,0.22532249987125397,"sonoma-county-ca"
"04000US06","California","05000US06099","Stanislaus County, CA",2023,"2023",0.22656698524951935,0.21801185607910156,0.23512212932109833,"stanislaus-county-ca"
"04000US06","California","05000US06101","Sutter County, CA",2023,"2023",0.196568101644516,0.17890964448451996,0.21422655880451202,"sutter-county-ca"
"04000US06","California","05000US06103","Tehama County, CA",2023,"2023",0.22405952215194702,0.19845443964004517,0.24966461956501007,"tehama-county-ca"
"04000US06","California","05000US06105","Trinity County, CA",2023,"2023",0.19107744097709656,0.14951834082603455,0.23263654112815857,"trinity-county-ca"
"04000US06","California","05000US06107","Tulare County, CA",2023,"2023",0.26331019401550293,0.25158506631851196,0.2750352919101715,"tulare-county-ca"
"04000US06","California","05000US06109","Tuolumne County, CA",2023,"2023",0.1913333386182785,0.16382281482219696,0.21884386241436005,"tuolumne-county-ca"
"04000US06","California","05000US06111","Ventura County, CA",2023,"2023",0.2289145439863205,0.22106043994426727,0.2367686629295349,"ventura-county-ca"
"04000US06","California","05000US06113","Yolo County, CA",2023,"2023",0.22626018524169922,0.21297237277030945,0.2395479828119278,"yolo-county-ca"
"04000US06","California","05000US06115","Yuba County, CA",2023,"2023",0.21324226260185242,0.19015778601169586,0.23632675409317017,"yuba-county-ca"
"04000US06","California","05000US06001","Alameda County, CA",2022,"2022",0.23431144654750824,0.23021596670150757,0.2384069263935089,"alameda-county-ca"
"04000US06","California","05000US06003","Alpine County, CA",2022,"2022",0.1966666728258133,0.08839662373065948,0.3049367070198059,"alpine-county-ca"
"04000US06","California","05000US06005","Amador County, CA",2022,"2022",0.18239887058734894,0.15314538776874542,0.21165233850479126,"amador-county-ca"
"04000US06","California","05000US06007","Butte County, CA",2022,"2022",0.2258194535970688,0.21442978084087372,0.23720914125442505,"butte-county-ca"
"04000US06","California","05000US06009","Calaveras County, CA",2022,"2022",0.19896641373634338,0.16922330856323242,0.22870950400829315,"calaveras-county-ca"
"04000US06","California","05000US06011","Colusa County, CA",2022,"2022",0.18341532349586487,0.14866949617862701,0.21816115081310272,"colusa-county-ca"
"04000US06","California","05000US06013","Contra Costa County, CA",2022,"2022",0.20453763008117676,0.19886593520641327,0.21020932495594025,"contra-costa-county-ca"
"04000US06","California","05000US06015","Del Norte County, CA",2022,"2022",0.19795918464660645,0.1639631688594818,0.23195520043373108,"del-norte-county-ca"
"04000US06","California","05000US06017","El Dorado County, CA",2022,"2022",0.17652161419391632,0.16326338052749634,0.1897798478603363,"el-dorado-county-ca"
"04000US06","California","05000US06019","Fresno County, CA",2022,"2022",0.2660648226737976,0.25920650362968445,0.27292314171791077,"fresno-county-ca"
"04000US06","California","05000US06021","Glenn County, CA",2022,"2022",0.21068397164344788,0.17247800529003143,0.24888993799686432,"glenn-county-ca"
"04000US06","California","05000US06023","Humboldt County, CA",2022,"2022",0.24435639381408691,0.22674980759620667,0.26196298003196716,"humboldt-county-ca"
"04000US06","California","05000US06025","Imperial County, CA",2022,"2022",0.2656906247138977,0.24571457505226135,0.28566664457321167,"imperial-county-ca"
"04000US06","California","05000US06027","Inyo County, CA",2022,"2022",0.17748917639255524,0.14508755505084991,0.20989079773426056,"inyo-county-ca"
"04000US06","California","05000US06029","Kern County, CA",2022,"2022",0.24382732808589935,0.23603302240371704,0.25162166357040405,"kern-county-ca"
"04000US06","California","05000US06031","Kings County, CA",2022,"2022",0.21738621592521667,0.19937044382095337,0.23540198802947998,"kings-county-ca"
"04000US06","California","05000US06033","Lake County, CA",2022,"2022",0.20469863712787628,0.18377317488193512,0.22562409937381744,"lake-county-ca"
"04000US06","California","05000US06035","Lassen County, CA",2022,"2022",0.14218010008335114,0.11791128665208817,0.1664489060640335,"lassen-county-ca"
"04000US06","California","05000US06037","Los Angeles County, CA",2022,"2022",0.3242783844470978,0.3223627507686615,0.32619401812553406,"los-angeles-county-ca"
"04000US06","California","05000US06039","Madera County, CA",2022,"2022",0.23547810316085815,0.21570736169815063,0.2552488446235657,"madera-county-ca"
"04000US06","California","05000US06041","Marin County, CA",2022,"2022",0.22216416895389557,0.2105749100446701,0.23375341296195984,"marin-county-ca"
"04000US06","California","05000US06043","Mariposa County, CA",2022,"2022",0.19545455276966095,0.15613825619220734,0.23477083444595337,"mariposa-county-ca"
"04000US06","California","05000US06045","Mendocino County, CA",2022,"2022",0.2601936161518097,0.2406606823205948,0.2797265350818634,"mendocino-county-ca"
"04000US06","California","05000US06047","Merced County, CA",2022,"2022",0.24740907549858093,0.23323622345924377,0.2615819275379181,"merced-county-ca"
"04000US06","California","05000US06049","Modoc County, CA",2022,"2022",0.14071038365364075,0.10140523314476013,0.18001553416252136,"modoc-county-ca"
"04000US06","California","05000US06051","Mono County, CA",2022,"2022",0.091847263276577,0.05464959889650345,0.12904493510723114,"mono-county-ca"
"04000US06","California","05000US06053","Monterey County, CA",2022,"2022",0.2946053147315979,0.2845693528652191,0.3046412765979767,"monterey-county-ca"
"04000US06","California","05000US06055","Napa County, CA",2022,"2022",0.21843768656253815,0.20609275996685028,0.230782613158226,"napa-county-ca"
"04000US06","California","05000US06057","Nevada County, CA",2022,"2022",0.2029091864824295,0.18435244262218475,0.22146591544151306,"nevada-county-ca"
"04000US06","California","05000US06059","Orange County, CA",2022,"2022",0.26559147238731384,0.26178768277168274,0.26939526200294495,"orange-county-ca"
"04000US06","California","05000US06061","Placer County, CA",2022,"2022",0.17140622437000275,0.16275155544281006,0.18006089329719543,"placer-county-ca"
"04000US06","California","05000US06063","Plumas County, CA",2022,"2022",0.16594158113002777,0.1308329850435257,0.20105016231536865,"plumas-county-ca"
"04000US06","California","05000US06065","Riverside County, CA",2022,"2022",0.25202199816703796,0.24805821478366852,0.2559857666492462,"riverside-county-ca"
"04000US06","California","05000US06067","Sacramento County, CA",2022,"2022",0.21746917068958282,0.21279260516166687,0.22214573621749878,"sacramento-county-ca"
"04000US06","California","05000US06069","San Benito County, CA",2022,"2022",0.22406989336013794,0.19834475219249725,0.24979503452777863,"san-benito-county-ca"
"04000US06","California","05000US06071","San Bernardino County, CA",2022,"2022",0.2623387575149536,0.2570299804210663,0.26764753460884094,"san-bernardino-county-ca"
"04000US06","California","05000US06073","San Diego County, CA",2022,"2022",0.25030383467674255,0.24686969816684723,0.2537379860877991,"san-diego-county-ca"
"04000US06","California","05000US06075","San Francisco County, CA",2022,"2022",0.23704732954502106,0.23067954182624817,0.24341513216495514,"san-francisco-county-ca"
"04000US06","California","05000US06077","San Joaquin County, CA",2022,"2022",0.2423640936613083,0.2353324294090271,0.24939577281475067,"san-joaquin-county-ca"
"04000US06","California","05000US06079","San Luis Obispo County, CA",2022,"2022",0.2122204750776291,0.20198330283164978,0.2224576622247696,"san-luis-obispo-county-ca"
"04000US06","California","05000US06081","San Mateo County, CA",2022,"2022",0.235179603099823,0.2285158485174179,0.2418433576822281,"san-mateo-county-ca"
"04000US06","California","05000US06083","Santa Barbara County, CA",2022,"2022",0.29111477732658386,0.28179121017456055,0.3004383444786072,"santa-barbara-county-ca"
"04000US06","California","05000US06085","Santa Clara County, CA",2022,"2022",0.227788046002388,0.22365356981754303,0.23192252218723297,"santa-clara-county-ca"
"04000US06","California","05000US06087","Santa Cruz County, CA",2022,"2022",0.26813220977783203,0.25536271929740906,0.280901700258255,"santa-cruz-county-ca"
"04000US06","California","05000US06089","Shasta County, CA",2022,"2022",0.22185172140598297,0.20899981260299683,0.23470363020896912,"shasta-county-ca"
"04000US06","California","05000US06091","Sierra County, CA",2022,"2022",0.1733870953321457,0.07040119916200638,0.2763729989528656,"sierra-county-ca"
"04000US06","California","05000US06093","Siskiyou County, CA",2022,"2022",0.1937159150838852,0.17552566528320312,0.21190616488456726,"siskiyou-county-ca"
"04000US06","California","05000US06095","Solano County, CA",2022,"2022",0.2101767659187317,0.20156870782375336,0.21878482401371002,"solano-county-ca"
"04000US06","California","05000US06097","Sonoma County, CA",2022,"2022",0.22541460394859314,0.21683897078037262,0.23399023711681366,"sonoma-county-ca"
"04000US06","California","05000US06099","Stanislaus County, CA",2022,"2022",0.23033936321735382,0.22045671939849854,0.2402219921350479,"stanislaus-county-ca"
"04000US06","California","05000US06101","Sutter County, CA",2022,"2022",0.19174906611442566,0.17419791221618652,0.209300234913826,"sutter-county-ca"
"04000US06","California","05000US06103","Tehama County, CA",2022,"2022",0.23204994201660156,0.20541004836559296,0.25868985056877136,"tehama-county-ca"
"04000US06","California","05000US06105","Trinity County, CA",2022,"2022",0.20103538036346436,0.16168798506259918,0.24038277566432953,"trinity-county-ca"
"04000US06","California","05000US06107","Tulare County, CA",2022,"2022",0.2651629149913788,0.25379136204719543,0.2765344977378845,"tulare-county-ca"
"04000US06","California","05000US06109","Tuolumne County, CA",2022,"2022",0.19531773030757904,0.16638876497745514,0.22424668073654175,"tuolumne-county-ca"
"04000US06","California","05000US06111","Ventura County, CA",2022,"2022",0.2330721765756607,0.22624440491199493,0.23989993333816528,"ventura-county-ca"
"04000US06","California","05000US06113","Yolo County, CA",2022,"2022",0.23867501318454742,0.2254272699356079,0.25192275643348694,"yolo-county-ca"
"04000US06","California","05000US06115","Yuba County, CA",2022,"2022",0.22899159789085388,0.20622454583644867,0.2517586648464203,"yuba-county-ca"
"04000US06","California","05000US06001","Alameda County, CA",2021,"2021",0.2346460074186325,0.23057611286640167,0.23871588706970215,"alameda-county-ca"
"04000US06","California","05000US06003","Alpine County, CA",2021,"2021",0.2786885201931,0.16677315533161163,0.3906038999557495,"alpine-county-ca"
"04000US06","California","05000US06005","Amador County, CA",2021,"2021",0.18364469707012177,0.15425361692905426,0.21303577721118927,"amador-county-ca"
"04000US06","California","05000US06007","Butte County, CA",2021,"2021",0.2236987203359604,0.21127526462078094,0.23612216114997864,"butte-county-ca"
"04000US06","California","05000US06009","Calaveras County, CA",2021,"2021",0.20943289995193481,0.17777754366397858,0.24108825623989105,"calaveras-county-ca"
"04000US06","California","05000US06011","Colusa County, CA",2021,"2021",0.19730305671691895,0.15971232950687408,0.2348937690258026,"colusa-county-ca"
"04000US06","California","05000US06013","Contra Costa County, CA",2021,"2021",0.20477674901485443,0.19901178777217865,0.2105417251586914,"contra-costa-county-ca"
"04000US06","California","05000US06015","Del Norte County, CA",2021,"2021",0.2018585503101349,0.16885307431221008,0.2348640114068985,"del-norte-county-ca"
"04000US06","California","05000US06017","El Dorado County, CA",2021,"2021",0.18337371945381165,0.1694861501455307,0.19726130366325378,"el-dorado-county-ca"
"04000US06","California","05000US06019","Fresno County, CA",2021,"2021",0.2682017683982849,0.26119160652160645,0.2752119302749634,"fresno-county-ca"
"04000US06","California","05000US06021","Glenn County, CA",2021,"2021",0.2103673815727234,0.16887901723384857,0.2518557608127594,"glenn-county-ca"
"04000US06","California","05000US06023","Humboldt County, CA",2021,"2021",0.2425646185874939,0.22580933570861816,0.25931990146636963,"humboldt-county-ca"
"04000US06","California","05000US06025","Imperial County, CA",2021,"2021",0.264380544424057,0.24629615247249603,0.2824648916721344,"imperial-county-ca"
"04000US06","California","05000US06027","Inyo County, CA",2021,"2021",0.17694704234600067,0.14442789554595947,0.20946618914604187,"inyo-county-ca"
"04000US06","California","05000US06029","Kern County, CA",2021,"2021",0.24275930225849152,0.23488514125347137,0.25063344836235046,"kern-county-ca"
"04000US06","California","05000US06031","Kings County, CA",2021,"2021",0.229515939950943,0.21255625784397125,0.24647562205791473,"kings-county-ca"
"04000US06","California","05000US06033","Lake County, CA",2021,"2021",0.2163342833518982,0.19243907928466797,0.24022948741912842,"lake-county-ca"
"04000US06","California","05000US06035","Lassen County, CA",2021,"2021",0.14777542650699615,0.12348435819149017,0.17206649482250214,"lassen-county-ca"
"04000US06","California","05000US06037","Los Angeles County, CA",2021,"2021",0.3292243182659149,0.32698044180870056,0.33146822452545166,"los-angeles-county-ca"
"04000US06","California","05000US06039","Madera County, CA",2021,"2021",0.24741341173648834,0.2291853129863739,0.2656415104866028,"madera-county-ca"
"04000US06","California","05000US06041","Marin County, CA",2021,"2021",0.22080214321613312,0.20963823795318604,0.231966033577919,"marin-county-ca"
"04000US06","California","05000US06043","Mariposa County, CA",2021,"2021",0.18897108733654022,0.1508796513080597,0.22706252336502075,"mariposa-county-ca"
"04000US06","California","05000US06045","Mendocino County, CA",2021,"2021",0.2656524181365967,0.24091064929962158,0.29039421677589417,"mendocino-county-ca"
"04000US06","California","05000US06047","Merced County, CA",2021,"2021",0.24892757833003998,0.23657383024692535,0.2612813115119934,"merced-county-ca"
"04000US06","California","05000US06049","Modoc County, CA",2021,"2021",0.17032967507839203,0.11987106502056122,0.22078828513622284,"modoc-county-ca"
"04000US06","California","05000US06051","Mono County, CA",2021,"2021",0.10918367654085159,0.06675270199775696,0.15161463618278503,"mono-county-ca"
"04000US06","California","05000US06053","Monterey County, CA",2021,"2021",0.292559951543808,0.28178489208221436,0.3033349812030792,"monterey-county-ca"
"04000US06","California","05000US06055","Napa County, CA",2021,"2021",0.22010397911071777,0.20548680424690247,0.23472116887569427,"napa-county-ca"
"04000US06","California","05000US06057","Nevada County, CA",2021,"2021",0.20601709187030792,0.1901814341545105,0.22185273468494415,"nevada-county-ca"
"04000US06","California","05000US06059","Orange County, CA",2021,"2021",0.26758700609207153,0.2638150155544281,0.27135902643203735,"orange-county-ca"
"04000US06","California","05000US06061","Placer County, CA",2021,"2021",0.1772814244031906,0.1690298169851303,0.18553301692008972,"placer-county-ca"
"04000US06","California","05000US06063","Plumas County, CA",2021,"2021",0.184671089053154,0.15288132429122925,0.21646086871623993,"plumas-county-ca"
"04000US06","California","05000US06065","Riverside County, CA",2021,"2021",0.25371456146240234,0.24984188377857208,0.2575872540473938,"riverside-county-ca"
"04000US06","California","05000US06067","Sacramento County, CA",2021,"2021",0.22139836847782135,0.21633504331111908,0.22646169364452362,"sacramento-county-ca"
"04000US06","California","05000US06069","San Benito County, CA",2021,"2021",0.22219036519527435,0.1976141333580017,0.2467666119337082,"san-benito-county-ca"
"04000US06","California","05000US06071","San Bernardino County, CA",2021,"2021",0.26307645440101624,0.25754573941230774,0.26860716938972473,"san-bernardino-county-ca"
"04000US06","California","05000US06073","San Diego County, CA",2021,"2021",0.25013041496276855,0.24608828127384186,0.25417256355285645,"san-diego-county-ca"
"04000US06","California","05000US06075","San Francisco County, CA",2021,"2021",0.23899713158607483,0.23332242667675018,0.24467182159423828,"san-francisco-county-ca"
"04000US06","California","05000US06077","San Joaquin County, CA",2021,"2021",0.24449309706687927,0.2369088977575302,0.25207728147506714,"san-joaquin-county-ca"
"04000US06","California","05000US06079","San Luis Obispo County, CA",2021,"2021",0.21843019127845764,0.2067195028066635,0.23014089465141296,"san-luis-obispo-county-ca"
"04000US06","California","05000US06081","San Mateo County, CA",2021,"2021",0.23474474251270294,0.22825275361537933,0.24123673141002655,"san-mateo-county-ca"
"04000US06","California","05000US06083","Santa Barbara County, CA",2021,"2021",0.2885810434818268,0.27973034977912903,0.2974317669868469,"santa-barbara-county-ca"
"04000US06","California","05000US06085","Santa Clara County, CA",2021,"2021",0.22924895584583282,0.22543200850486755,0.2330658882856369,"santa-clara-county-ca"
"04000US06","California","05000US06087","Santa Cruz County, CA",2021,"2021",0.27209922671318054,0.2594360113143921,0.284762442111969,"santa-cruz-county-ca"
"04000US06","California","05000US06089","Shasta County, CA",2021,"2021",0.22784990072250366,0.21329253911972046,0.24240726232528687,"shasta-county-ca"
"04000US06","California","05000US06091","Sierra County, CA",2021,"2021",0.1818181872367859,0.09182426333427429,0.2718121111392975,"sierra-county-ca"
"04000US06","California","05000US06093","Siskiyou County, CA",2021,"2021",0.20084121823310852,0.18133696913719177,0.22034548223018646,"siskiyou-county-ca"
"04000US06","California","05000US06095","Solano County, CA",2021,"2021",0.21221581101417542,0.20370468497276306,0.22072693705558777,"solano-county-ca"
"04000US06","California","05000US06097","Sonoma County, CA",2021,"2021",0.2281910926103592,0.21920286118984222,0.23717933893203735,"sonoma-county-ca"
"04000US06","California","05000US06099","Stanislaus County, CA",2021,"2021",0.23531299829483032,0.22613652050495148,0.24448949098587036,"stanislaus-county-ca"
"04000US06","California","05000US06101","Sutter County, CA",2021,"2021",0.2059645801782608,0.18717147409915924,0.22475770115852356,"sutter-county-ca"
"04000US06","California","05000US06103","Tehama County, CA",2021,"2021",0.21362294256687164,0.18809914588928223,0.23914673924446106,"tehama-county-ca"
"04000US06","California","05000US06105","Trinity County, CA",2021,"2021",0.2271062284708023,0.1787237972021103,0.27548864483833313,"trinity-county-ca"
"04000US06","California","05000US06107","Tulare County, CA",2021,"2021",0.26878538727760315,0.25674253702163696,0.28082820773124695,"tulare-county-ca"
"04000US06","California","05000US06109","Tuolumne County, CA",2021,"2021",0.19806872308254242,0.17200107872486115,0.2241363525390625,"tuolumne-county-ca"
"04000US06","California","05000US06111","Ventura County, CA",2021,"2021",0.23307226598262787,0.2261531800031662,0.23999135196208954,"ventura-county-ca"
"04000US06","California","05000US06113","Yolo County, CA",2021,"2021",0.2361864298582077,0.2233780324459076,0.24899481236934662,"yolo-county-ca"
"04000US06","California","05000US06115","Yuba County, CA",2021,"2021",0.21754249930381775,0.19585752487182617,0.23922748863697052,"yuba-county-ca"
"04000US06","California","05000US06001","Alameda County, CA",2020,"2020",0.2366049736738205,0.23224875330924988,0.24096117913722992,"alameda-county-ca"
"04000US06","California","05000US06003","Alpine County, CA",2020,"2020",0.23188406229019165,0.13432729244232178,0.3294408321380615,"alpine-county-ca"
"04000US06","California","05000US06005","Amador County, CA",2020,"2020",0.19368420541286469,0.1637360006570816,0.22363241016864777,"amador-county-ca"
"04000US06","California","05000US06007","Butte County, CA",2020,"2020",0.22694578766822815,0.21479001641273499,0.2391015589237213,"butte-county-ca"
"04000US06","California","05000US06009","Calaveras County, CA",2020,"2020",0.20321761071681976,0.17382147908210754,0.23261375725269318,"calaveras-county-ca"
"04000US06","California","05000US06011","Colusa County, CA",2020,"2020",0.18462643027305603,0.1533135175704956,0.21593935787677765,"colusa-county-ca"
"04000US06","California","05000US06013","Contra Costa County, CA",2020,"2020",0.21110078692436218,0.2049984633922577,0.21720312535762787,"contra-costa-county-ca"
"04000US06","California","05000US06015","Del Norte County, CA",2020,"2020",0.22233986854553223,0.18730272352695465,0.2573769986629486,"del-norte-county-ca"
"04000US06","California","05000US06017","El Dorado County, CA",2020,"2020",0.18910114467144012,0.17563283443450928,0.20256944000720978,"el-dorado-county-ca"
"04000US06","California","05000US06019","Fresno County, CA",2020,"2020",0.27633532881736755,0.26892945170402527,0.2837412357330322,"fresno-county-ca"
"04000US06","California","05000US06021","Glenn County, CA",2020,"2020",0.2301020473241806,0.19148409366607666,0.26872000098228455,"glenn-county-ca"
"04000US06","California","05000US06023","Humboldt County, CA",2020,"2020",0.24715961515903473,0.23167133331298828,0.2626478970050812,"humboldt-county-ca"
"04000US06","California","05000US06025","Imperial County, CA",2020,"2020",0.27368995547294617,0.2570481598377228,0.29033175110816956,"imperial-county-ca"
"04000US06","California","05000US06027","Inyo County, CA",2020,"2020",0.1661442071199417,0.1340177059173584,0.19827069342136383,"inyo-county-ca"
"04000US06","California","05000US06029","Kern County, CA",2020,"2020",0.24735547602176666,0.23973605036735535,0.25497493147850037,"kern-county-ca"
"04000US06","California","05000US06031","Kings County, CA",2020,"2020",0.24363723397254944,0.22332759201526642,0.26394686102867126,"kings-county-ca"
"04000US06","California","05000US06033","Lake County, CA",2020,"2020",0.23668639361858368,0.21111726760864258,0.2622555196285248,"lake-county-ca"
"04000US06","California","05000US06035","Lassen County, CA",2020,"2020",0.15789473056793213,0.13080717623233795,0.1849822998046875,"lassen-county-ca"
"04000US06","California","05000US06037","Los Angeles County, CA",2020,"2020",0.333911269903183,0.3319506049156189,0.3358719050884247,"los-angeles-county-ca"
"04000US06","California","05000US06039","Madera County, CA",2020,"2020",0.2483075112104416,0.23004011809825897,0.2665749192237854,"madera-county-ca"
"04000US06","California","05000US06041","Marin County, CA",2020,"2020",0.22428160905838013,0.21414145827293396,0.2344217598438263,"marin-county-ca"
"04000US06","California","05000US06043","Mariposa County, CA",2020,"2020",0.19986216723918915,0.1628219485282898,0.2369023859500885,"mariposa-county-ca"
"04000US06","California","05000US06045","Mendocino County, CA",2020,"2020",0.2777858078479767,0.2584582269191742,0.2971133589744568,"mendocino-county-ca"
"04000US06","California","05000US06047","Merced County, CA",2020,"2020",0.248945951461792,0.234584242105484,0.2633076608181,"merced-county-ca"
"04000US06","California","05000US06049","Modoc County, CA",2020,"2020",0.1648501306772232,0.11369822919368744,0.21600204706192017,"modoc-county-ca"
"04000US06","California","05000US06051","Mono County, CA",2020,"2020",0.13636364042758942,0.09321100264787674,0.1795162707567215,"mono-county-ca"
"04000US06","California","05000US06053","Monterey County, CA",2020,"2020",0.2975022792816162,0.2878287732601166,0.30717578530311584,"monterey-county-ca"
"04000US06","California","05000US06055","Napa County, CA",2020,"2020",0.22055695950984955,0.20496505498886108,0.2361488789319992,"napa-county-ca"
"04000US06","California","05000US06057","Nevada County, CA",2020,"2020",0.20524825155735016,0.1869848072528839,0.2235116809606552,"nevada-county-ca"
"04000US06","California","05000US06059","Orange County, CA",2020,"2020",0.27032673358917236,0.2668217122554779,0.2738317549228668,"orange-county-ca"
"04000US06","California","05000US06061","Placer County, CA",2020,"2020",0.18126966059207916,0.17115388810634613,0.191385418176651,"placer-county-ca"
"04000US06","California","05000US06063","Plumas County, CA",2020,"2020",0.18268656730651855,0.1475224494934082,0.2178506851196289,"plumas-county-ca"
"04000US06","California","05000US06065","Riverside County, CA",2020,"2020",0.25805744528770447,0.25342637300491333,0.2626884877681732,"riverside-county-ca"
"04000US06","California","05000US06067","Sacramento County, CA",2020,"2020",0.2253311425447464,0.22051836550235748,0.23014391958713531,"sacramento-county-ca"
"04000US06","California","05000US06069","San Benito County, CA",2020,"2020",0.23979298770427704,0.21435332298278809,0.265232652425766,"san-benito-county-ca"
"04000US06","California","05000US06071","San Bernardino County, CA",2020,"2020",0.27033379673957825,0.26467588543891907,0.2759917080402374,"san-bernardino-county-ca"
"04000US06","California","05000US06073","San Diego County, CA",2020,"2020",0.2515795826911926,0.24798400700092316,0.2551751732826233,"san-diego-county-ca"
"04000US06","California","05000US06075","San Francisco County, CA",2020,"2020",0.2485460788011551,0.2424517124891281,0.25464046001434326,"san-francisco-county-ca"
"04000US06","California","05000US06077","San Joaquin County, CA",2020,"2020",0.25058072805404663,0.24313274025917053,0.25802871584892273,"san-joaquin-county-ca"
"04000US06","California","05000US06079","San Luis Obispo County, CA",2020,"2020",0.22369618713855743,0.21219365298748016,0.2351987063884735,"san-luis-obispo-county-ca"
"04000US06","California","05000US06081","San Mateo County, CA",2020,"2020",0.23799854516983032,0.23142680525779724,0.2445702701807022,"san-mateo-county-ca"
"04000US06","California","05000US06083","Santa Barbara County, CA",2020,"2020",0.2932541072368622,0.2833535373210907,0.30315467715263367,"santa-barbara-county-ca"
"04000US06","California","05000US06085","Santa Clara County, CA",2020,"2020",0.23098407685756683,0.22653482854366302,0.23543331027030945,"santa-clara-county-ca"
"04000US06","California","05000US06087","Santa Cruz County, CA",2020,"2020",0.2683042287826538,0.25544968247413635,0.28115877509117126,"santa-cruz-county-ca"
"04000US06","California","05000US06089","Shasta County, CA",2020,"2020",0.2188194841146469,0.20571669936180115,0.23192225396633148,"shasta-county-ca"
"04000US06","California","05000US06091","Sierra County, CA",2020,"2020",0.10980392247438431,0.05361723527312279,0.16599060595035553,"sierra-county-ca"
"04000US06","California","05000US06093","Siskiyou County, CA",2020,"2020",0.21134155988693237,0.1895870417356491,0.23309607803821564,"siskiyou-county-ca"
"04000US06","California","05000US06095","Solano County, CA",2020,"2020",0.21326084434986115,0.20344877243041992,0.22307293117046356,"solano-county-ca"
"04000US06","California","05000US06097","Sonoma County, CA",2020,"2020",0.2342299520969391,0.22612570226192474,0.24233420193195343,"sonoma-county-ca"
"04000US06","California","05000US06099","Stanislaus County, CA",2020,"2020",0.2418246865272522,0.2323981076478958,0.2512512803077698,"stanislaus-county-ca"
"04000US06","California","05000US06101","Sutter County, CA",2020,"2020",0.21323758363723755,0.19624334573745728,0.23023183643817902,"sutter-county-ca"
"04000US06","California","05000US06103","Tehama County, CA",2020,"2020",0.20275716483592987,0.17841802537441254,0.227096289396286,"tehama-county-ca"
"04000US06","California","05000US06105","Trinity County, CA",2020,"2020",0.2367458939552307,0.18725913763046265,0.2862326204776764,"trinity-county-ca"
"04000US06","California","05000US06107","Tulare County, CA",2020,"2020",0.2691662609577179,0.25802478194236755,0.28030773997306824,"tulare-county-ca"
"04000US06","California","05000US06109","Tuolumne County, CA",2020,"2020",0.21009735763072968,0.18351170420646667,0.23668301105499268,"tuolumne-county-ca"
"04000US06","California","05000US06111","Ventura County, CA",2020,"2020",0.23743224143981934,0.2309994101524353,0.24386507272720337,"ventura-county-ca"
"04000US06","California","05000US06113","Yolo County, CA",2020,"2020",0.23447515070438385,0.21979665756225586,0.24915364384651184,"yolo-county-ca"
"04000US06","California","05000US06115","Yuba County, CA",2020,"2020",0.23094913363456726,0.20830784738063812,0.2535904347896576,"yuba-county-ca"
"04000US06","California","05000US06001","Alameda County, CA",2019,"2019",0.2401481419801712,0.23579303920269012,0.24450325965881348,"alameda-county-ca"
"04000US06","California","05000US06003","Alpine County, CA",2019,"2019",0.2638888955116272,0.1479654163122177,0.3798123598098755,"alpine-county-ca"
"04000US06","California","05000US06005","Amador County, CA",2019,"2019",0.18994614481925964,0.15929080545902252,0.22060148417949677,"amador-county-ca"
"04000US06","California","05000US06007","Butte County, CA",2019,"2019",0.23259493708610535,0.21975457668304443,0.24543529748916626,"butte-county-ca"
"04000US06","California","05000US06009","Calaveras County, CA",2019,"2019",0.20570321381092072,0.17452938854694366,0.23687703907489777,"calaveras-county-ca"
"04000US06","California","05000US06011","Colusa County, CA",2019,"2019",0.1909547746181488,0.15694047510623932,0.2249690592288971,"colusa-county-ca"
"04000US06","California","05000US06013","Contra Costa County, CA",2019,"2019",0.21723927557468414,0.21170850098133087,0.22277005016803741,"contra-costa-county-ca"
"04000US06","California","05000US06015","Del Norte County, CA",2019,"2019",0.23301486670970917,0.19641631841659546,0.2696134150028229,"del-norte-county-ca"
"04000US06","California","05000US06017","El Dorado County, CA",2019,"2019",0.19937393069267273,0.18557745218276978,0.21317040920257568,"el-dorado-county-ca"
"04000US06","California","05000US06019","Fresno County, CA",2019,"2019",0.2783280611038208,0.2712402045726776,0.285415917634964,"fresno-county-ca"
"04000US06","California","05000US06021","Glenn County, CA",2019,"2019",0.2248551845550537,0.18488134443759918,0.26482900977134705,"glenn-county-ca"
"04000US06","California","05000US06023","Humboldt County, CA",2019,"2019",0.2585085332393646,0.2418396770954132,0.27517738938331604,"humboldt-county-ca"
"04000US06","California","05000US06025","Imperial County, CA",2019,"2019",0.28051668405532837,0.2640319764614105,0.2970013916492462,"imperial-county-ca"
"04000US06","California","05000US06027","Inyo County, CA",2019,"2019",0.1873035877943039,0.15349331498146057,0.22111386060714722,"inyo-county-ca"
"04000US06","California","05000US06029","Kern County, CA",2019,"2019",0.2514824867248535,0.24429771304130554,0.2586672306060791,"kern-county-ca"
"04000US06","California","05000US06031","Kings County, CA",2019,"2019",0.2467813789844513,0.22713600099086761,0.2664267420768738,"kings-county-ca"
"04000US06","California","05000US06033","Lake County, CA",2019,"2019",0.2576403021812439,0.23336821794509888,0.2819123864173889,"lake-county-ca"
"04000US06","California","05000US06035","Lassen County, CA",2019,"2019",0.16537867486476898,0.1389758288860321,0.19178150594234467,"lassen-county-ca"
"04000US06","California","05000US06037","Los Angeles County, CA",2019,"2019",0.33835160732269287,0.33627885580062866,0.3404243588447571,"los-angeles-county-ca"
"04000US06","California","05000US06039","Madera County, CA",2019,"2019",0.2541705369949341,0.2358001321554184,0.2725409269332886,"madera-county-ca"
"04000US06","California","05000US06041","Marin County, CA",2019,"2019",0.2298639863729477,0.2186911255121231,0.24103686213493347,"marin-county-ca"
"04000US06","California","05000US06043","Mariposa County, CA",2019,"2019",0.17018379271030426,0.13473649322986603,0.2056310921907425,"mariposa-county-ca"
"04000US06","California","05000US06045","Mendocino County, CA",2019,"2019",0.27193886041641235,0.2492741495370865,0.294603556394577,"mendocino-county-ca"
"04000US06","California","05000US06047","Merced County, CA",2019,"2019",0.2569828927516937,0.24189582467079163,0.27206993103027344,"merced-county-ca"
"04000US06","California","05000US06049","Modoc County, CA",2019,"2019",0.19359146058559418,0.14334650337696075,0.2438364028930664,"modoc-county-ca"
"04000US06","California","05000US06051","Mono County, CA",2019,"2019",0.19062180817127228,0.12907150387763977,0.2521721124649048,"mono-county-ca"
"04000US06","California","05000US06053","Monterey County, CA",2019,"2019",0.30000001192092896,0.2900870442390442,0.30991294980049133,"monterey-county-ca"
"04000US06","California","05000US06055","Napa County, CA",2019,"2019",0.22769977152347565,0.2120182365179062,0.2433813065290451,"napa-county-ca"
"04000US06","California","05000US06057","Nevada County, CA",2019,"2019",0.21831931173801422,0.20155373215675354,0.2350848913192749,"nevada-county-ca"
"04000US06","California","05000US06059","Orange County, CA",2019,"2019",0.2762605845928192,0.27238523960113525,0.2801359295845032,"orange-county-ca"
"04000US06","California","05000US06061","Placer County, CA",2019,"2019",0.19168727099895477,0.18217213451862335,0.2012024223804474,"placer-county-ca"
"04000US06","California","05000US06063","Plumas County, CA",2019,"2019",0.19537431001663208,0.1621410846710205,0.22860753536224365,"plumas-county-ca"
"04000US06","California","05000US06065","Riverside County, CA",2019,"2019",0.26203107833862305,0.25748419761657715,0.26657798886299133,"riverside-county-ca"
"04000US06","California","05000US06067","Sacramento County, CA",2019,"2019",0.23198652267456055,0.22695448994636536,0.23701857030391693,"sacramento-county-ca"
"04000US06","California","05000US06069","San Benito County, CA",2019,"2019",0.2488372027873993,0.22089456021785736,0.2767798602581024,"san-benito-county-ca"
"04000US06","California","05000US06071","San Bernardino County, CA",2019,"2019",0.27496030926704407,0.2697850167751312,0.2801356017589569,"san-bernardino-county-ca"
"04000US06","California","05000US06073","San Diego County, CA",2019,"2019",0.25194329023361206,0.24812287092208862,0.2557636797428131,"san-diego-county-ca"
"04000US06","California","05000US06075","San Francisco County, CA",2019,"2019",0.2593373656272888,0.25221312046051025,0.2664616107940674,"san-francisco-county-ca"
"04000US06","California","05000US06077","San Joaquin County, CA",2019,"2019",0.25904369354248047,0.2512738108634949,0.26681360602378845,"san-joaquin-county-ca"
"04000US06","California","05000US06079","San Luis Obispo County, CA",2019,"2019",0.23635047674179077,0.2244635671377182,0.24823737144470215,"san-luis-obispo-county-ca"
"04000US06","California","05000US06081","San Mateo County, CA",2019,"2019",0.240980327129364,0.23393259942531586,0.24802803993225098,"san-mateo-county-ca"
"04000US06","California","05000US06083","Santa Barbara County, CA",2019,"2019",0.2946431636810303,0.28423863649368286,0.3050476908683777,"santa-barbara-county-ca"
"04000US06","California","05000US06085","Santa Clara County, CA",2019,"2019",0.23331160843372345,0.2289421558380127,0.2376810610294342,"santa-clara-county-ca"
"04000US06","California","05000US06087","Santa Cruz County, CA",2019,"2019",0.2728375494480133,0.26163142919540405,0.28404366970062256,"santa-cruz-county-ca"
"04000US06","California","05000US06089","Shasta County, CA",2019,"2019",0.2171531468629837,0.20573635399341583,0.22856995463371277,"shasta-county-ca"
"04000US06","California","05000US06091","Sierra County, CA",2019,"2019",0.12399999797344208,0.05573010817170143,0.19226989150047302,"sierra-county-ca"
"04000US06","California","05000US06093","Siskiyou County, CA",2019,"2019",0.22027698159217834,0.19773927330970764,0.24281468987464905,"siskiyou-county-ca"
"04000US06","California","05000US06095","Solano County, CA",2019,"2019",0.21788176894187927,0.20994816720485687,0.22581535577774048,"solano-county-ca"
"04000US06","California","05000US06097","Sonoma County, CA",2019,"2019",0.23799127340316772,0.2289455533027649,0.24703697860240936,"sonoma-county-ca"
"04000US06","California","05000US06099","Stanislaus County, CA",2019,"2019",0.25281479954719543,0.24322763085365295,0.2624019682407379,"stanislaus-county-ca"
"04000US06","California","05000US06101","Sutter County, CA",2019,"2019",0.2216825932264328,0.20193597674369812,0.24142920970916748,"sutter-county-ca"
"04000US06","California","05000US06103","Tehama County, CA",2019,"2019",0.1959502249956131,0.17350874841213226,0.21839170157909393,"tehama-county-ca"
"04000US06","California","05000US06105","Trinity County, CA",2019,"2019",0.2206016480922699,0.17607155442237854,0.26513174176216125,"trinity-county-ca"
"04000US06","California","05000US06107","Tulare County, CA",2019,"2019",0.2766714096069336,0.2661980390548706,0.2871447801589966,"tulare-county-ca"
"04000US06","California","05000US06109","Tuolumne County, CA",2019,"2019",0.20058730244636536,0.17597192525863647,0.22520267963409424,"tuolumne-county-ca"
"04000US06","California","05000US06111","Ventura County, CA",2019,"2019",0.24355876445770264,0.2370489090681076,0.2500686049461365,"ventura-county-ca"
"04000US06","California","05000US06113","Yolo County, CA",2019,"2019",0.24814222753047943,0.23457033932209015,0.2617141306400299,"yolo-county-ca"
"04000US06","California","05000US06115","Yuba County, CA",2019,"2019",0.23667462170124054,0.21252313256263733,0.26082611083984375,"yuba-county-ca"
"04000US06","California","05000US06001","Alameda County, CA",2018,"2018",0.2426345944404602,0.23795415461063385,0.24731503427028656,"alameda-county-ca"
"04000US06","California","05000US06003","Alpine County, CA",2018,"2018",0.25333333015441895,0.13473674654960632,0.37192991375923157,"alpine-county-ca"
"04000US06","California","05000US06005","Amador County, CA",2018,"2018",0.21233859658241272,0.18257613480091095,0.2421010434627533,"amador-county-ca"
"04000US06","California","05000US06007","Butte County, CA",2018,"2018",0.2312973141670227,0.21946194767951965,0.24313266575336456,"butte-county-ca"
"04000US06","California","05000US06009","Calaveras County, CA",2018,"2018",0.2028479278087616,0.17594553530216217,0.22975032031536102,"calaveras-county-ca"
"04000US06","California","05000US06011","Colusa County, CA",2018,"2018",0.19681620597839355,0.16390356421470642,0.2297288477420807,"colusa-county-ca"
"04000US06","California","05000US06013","Contra Costa County, CA",2018,"2018",0.2229309380054474,0.21595637500286102,0.22990550100803375,"contra-costa-county-ca"
"04000US06","California","05000US06015","Del Norte County, CA",2018,"2018",0.24986876547336578,0.2063419073820114,0.29339563846588135,"del-norte-county-ca"
"04000US06","California","05000US06017","El Dorado County, CA",2018,"2018",0.21518893539905548,0.2005026787519455,0.22987517714500427,"el-dorado-county-ca"
"04000US06","California","05000US06019","Fresno County, CA",2018,"2018",0.2864980399608612,0.27828776836395264,0.2947083115577698,"fresno-county-ca"
"04000US06","California","05000US06021","Glenn County, CA",2018,"2018",0.2118200808763504,0.17351274192333221,0.2501274347305298,"glenn-county-ca"
"04000US06","California","05000US06023","Humboldt County, CA",2018,"2018",0.25522303581237793,0.23861436545848846,0.2718317210674286,"humboldt-county-ca"
"04000US06","California","05000US06025","Imperial County, CA",2018,"2018",0.2793397307395935,0.25947439670562744,0.29920506477355957,"imperial-county-ca"
"04000US06","California","05000US06027","Inyo County, CA",2018,"2018",0.2027883380651474,0.16650055348873138,0.23907612264156342,"inyo-county-ca"
"04000US06","California","05000US06029","Kern County, CA",2018,"2018",0.2590257525444031,0.25145262479782104,0.2665988504886627,"kern-county-ca"
"04000US06","California","05000US06031","Kings County, CA",2018,"2018",0.2528581917285919,0.231094628572464,0.27462172508239746,"kings-county-ca"
"04000US06","California","05000US06033","Lake County, CA",2018,"2018",0.2725065350532532,0.24588942527770996,0.2991236448287964,"lake-county-ca"
"04000US06","California","05000US06035","Lassen County, CA",2018,"2018",0.17769856750965118,0.14550898969173431,0.20988816022872925,"lassen-county-ca"
"04000US06","California","05000US06037","Los Angeles County, CA",2018,"2018",0.34399470686912537,0.34197717905044556,0.3460122346878052,"los-angeles-county-ca"
"04000US06","California","05000US06039","Madera County, CA",2018,"2018",0.2635459303855896,0.24301671981811523,0.28407514095306396,"madera-county-ca"
"04000US06","California","05000US06041","Marin County, CA",2018,"2018",0.24331538379192352,0.23123055696487427,0.2554002106189728,"marin-county-ca"
"04000US06","California","05000US06043","Mariposa County, CA",2018,"2018",0.1913580298423767,0.15191130340099335,0.23080474138259888,"mariposa-county-ca"
"04000US06","California","05000US06045","Mendocino County, CA",2018,"2018",0.27585694193840027,0.2543785870075226,0.29733529686927795,"mendocino-county-ca"
"04000US06","California","05000US06047","Merced County, CA",2018,"2018",0.2600143849849701,0.24596886336803436,0.27405989170074463,"merced-county-ca"
"04000US06","California","05000US06049","Modoc County, CA",2018,"2018",0.17201539874076843,0.12573964893817902,0.21829116344451904,"modoc-county-ca"
"04000US06","California","05000US06051","Mono County, CA",2018,"2018",0.20639534294605255,0.1464449167251587,0.2663457691669464,"mono-county-ca"
"04000US06","California","05000US06053","Monterey County, CA",2018,"2018",0.30667784810066223,0.2964402139186859,0.31691551208496094,"monterey-county-ca"
"04000US06","California","05000US06055","Napa County, CA",2018,"2018",0.24007657170295715,0.22461673617362976,0.25553637742996216,"napa-county-ca"
"04000US06","California","05000US06057","Nevada County, CA",2018,"2018",0.2268609255552292,0.20746812224388123,0.24625371396541595,"nevada-county-ca"
"04000US06","California","05000US06059","Orange County, CA",2018,"2018",0.2812274098396301,0.2771064043045044,0.28534841537475586,"orange-county-ca"
"04000US06","California","05000US06061","Placer County, CA",2018,"2018",0.19864290952682495,0.18902111053466797,0.20826470851898193,"placer-county-ca"
"04000US06","California","05000US06063","Plumas County, CA",2018,"2018",0.20867526531219482,0.16899144649505615,0.2483590841293335,"plumas-county-ca"
"04000US06","California","05000US06065","Riverside County, CA",2018,"2018",0.268500417470932,0.26323989033699036,0.27376094460487366,"riverside-county-ca"
"04000US06","California","05000US06067","Sacramento County, CA",2018,"2018",0.23704424500465393,0.23240576684474945,0.2416827231645584,"sacramento-county-ca"
"04000US06","California","05000US06069","San Benito County, CA",2018,"2018",0.2710280418395996,0.24270696938037872,0.2993490993976593,"san-benito-county-ca"
"04000US06","California","05000US06071","San Bernardino County, CA",2018,"2018",0.28016558289527893,0.27483704686164856,0.2854940891265869,"san-bernardino-county-ca"
"04000US06","California","05000US06073","San Diego County, CA",2018,"2018",0.25629493594169617,0.2524661421775818,0.26012369990348816,"san-diego-county-ca"
"04000US06","California","05000US06075","San Francisco County, CA",2018,"2018",0.2669781744480133,0.26066288352012634,0.27329346537590027,"san-francisco-county-ca"
"04000US06","California","05000US06077","San Joaquin County, CA",2018,"2018",0.2691113352775574,0.26038455963134766,0.2778380811214447,"san-joaquin-county-ca"
"04000US06","California","05000US06079","San Luis Obispo County, CA",2018,"2018",0.2368832379579544,0.22551515698432922,0.24825133383274078,"san-luis-obispo-county-ca"
"04000US06","California","05000US06081","San Mateo County, CA",2018,"2018",0.24033090472221375,0.23273321986198425,0.24792858958244324,"san-mateo-county-ca"
"04000US06","California","05000US06083","Santa Barbara County, CA",2018,"2018",0.29750755429267883,0.2884622812271118,0.30655285716056824,"santa-barbara-county-ca"
"04000US06","California","05000US06085","Santa Clara County, CA",2018,"2018",0.23727256059646606,0.23278947174549103,0.2417556345462799,"santa-clara-county-ca"
"04000US06","California","05000US06087","Santa Cruz County, CA",2018,"2018",0.2728720009326935,0.25941768288612366,0.2863263189792633,"santa-cruz-county-ca"
"04000US06","California","05000US06089","Shasta County, CA",2018,"2018",0.2221577763557434,0.2078198790550232,0.23649565875530243,"shasta-county-ca"
"04000US06","California","05000US06091","Sierra County, CA",2018,"2018",0.1589147299528122,0.07864329218864441,0.23918616771697998,"sierra-county-ca"
"04000US06","California","05000US06093","Siskiyou County, CA",2018,"2018",0.2329721301794052,0.21358062326908112,0.2523636519908905,"siskiyou-county-ca"
"04000US06","California","05000US06095","Solano County, CA",2018,"2018",0.2254069596529007,0.21703168749809265,0.23378223180770874,"solano-county-ca"
"04000US06","California","05000US06097","Sonoma County, CA",2018,"2018",0.24529917538166046,0.2372758835554123,0.25332245230674744,"sonoma-county-ca"
"04000US06","California","05000US06099","Stanislaus County, CA",2018,"2018",0.2650068402290344,0.2550569474697113,0.27495673298835754,"stanislaus-county-ca"
"04000US06","California","05000US06101","Sutter County, CA",2018,"2018",0.2353033870458603,0.21598432958126068,0.2546224594116211,"sutter-county-ca"
"04000US06","California","05000US06103","Tehama County, CA",2018,"2018",0.20442929863929749,0.18135452270507812,0.22750408947467804,"tehama-county-ca"
"04000US06","California","05000US06105","Trinity County, CA",2018,"2018",0.21014492213726044,0.16530294716358185,0.2549869120121002,"trinity-county-ca"
"04000US06","California","05000US06107","Tulare County, CA",2018,"2018",0.27824875712394714,0.26759159564971924,0.28890591859817505,"tulare-county-ca"
"04000US06","California","05000US06109","Tuolumne County, CA",2018,"2018",0.21055004000663757,0.1873141974210739,0.23378588259220123,"tuolumne-county-ca"
"04000US06","California","05000US06111","Ventura County, CA",2018,"2018",0.24642497301101685,0.239670529961586,0.2531794309616089,"ventura-county-ca"
"04000US06","California","05000US06113","Yolo County, CA",2018,"2018",0.250088095664978,0.23767974972724915,0.2624964118003845,"yolo-county-ca"
"04000US06","California","05000US06115","Yuba County, CA",2018,"2018",0.2456495314836502,0.22232426702976227,0.26897481083869934,"yuba-county-ca"
"04000US06","California","05000US06001","Alameda County, CA",2017,"2017",0.24500000476837158,0.23999999463558197,0.24899999797344208,"alameda-county-ca"
"04000US06","California","05000US06003","Alpine County, CA",2017,"2017",0.16500000655651093,0.10199999809265137,0.22699999809265137,"alpine-county-ca"
"04000US06","California","05000US06005","Amador County, CA",2017,"2017",0.21199999749660492,0.1850000023841858,0.23999999463558197,"amador-county-ca"
"04000US06","California","05000US06007","Butte County, CA",2017,"2017",0.23199999332427979,0.21899999678134918,0.24500000476837158,"butte-county-ca"
"04000US06","California","05000US06009","Calaveras County, CA",2017,"2017",0.1979999989271164,0.17000000178813934,0.22599999606609344,"calaveras-county-ca"
"04000US06","California","05000US06011","Colusa County, CA",2017,"2017",0.18000000715255737,0.1469999998807907,0.21400000154972076,"colusa-county-ca"
"04000US06","California","05000US06013","Contra Costa County, CA",2017,"2017",0.22599999606609344,0.2199999988079071,0.23199999332427979,"contra-costa-county-ca"
"04000US06","California","05000US06015","Del Norte County, CA",2017,"2017",0.25200000405311584,0.21400000154972076,0.28999999165534973,"del-norte-county-ca"
"04000US06","California","05000US06017","El Dorado County, CA",2017,"2017",0.21299999952316284,0.19900000095367432,0.22699999809265137,"el-dorado-county-ca"
"04000US06","California","05000US06019","Fresno County, CA",2017,"2017",0.28700000047683716,0.2809999883174896,0.2939999997615814,"fresno-county-ca"
"04000US06","California","05000US06021","Glenn County, CA",2017,"2017",0.21199999749660492,0.17399999499320984,0.25,"glenn-county-ca"
"04000US06","California","05000US06023","Humboldt County, CA",2017,"2017",0.2590000033378601,0.24300000071525574,0.2759999930858612,"humboldt-county-ca"
"04000US06","California","05000US06025","Imperial County, CA",2017,"2017",0.2709999978542328,0.2540000081062317,0.289000004529953,"imperial-county-ca"
"04000US06","California","05000US06027","Inyo County, CA",2017,"2017",0.1899999976158142,0.1589999943971634,0.22100000083446503,"inyo-county-ca"
"04000US06","California","05000US06029","Kern County, CA",2017,"2017",0.25999999046325684,0.25099998712539673,0.2680000066757202,"kern-county-ca"
"04000US06","California","05000US06031","Kings County, CA",2017,"2017",0.25200000405311584,0.23399999737739563,0.2709999978542328,"kings-county-ca"
"04000US06","California","05000US06033","Lake County, CA",2017,"2017",0.2849999964237213,0.25699999928474426,0.31299999356269836,"lake-county-ca"
"04000US06","California","05000US06035","Lassen County, CA",2017,"2017",0.1899999976158142,0.1589999943971634,0.2199999988079071,"lassen-county-ca"
"04000US06","California","05000US06037","Los Angeles County, CA",2017,"2017",0.34599998593330383,0.3440000116825104,0.3490000069141388,"los-angeles-county-ca"
"04000US06","California","05000US06039","Madera County, CA",2017,"2017",0.2720000147819519,0.25200000405311584,0.2919999957084656,"madera-county-ca"
"04000US06","California","05000US06041","Marin County, CA",2017,"2017",0.2409999966621399,0.2280000001192093,0.2529999911785126,"marin-county-ca"
"04000US06","California","05000US06043","Mariposa County, CA",2017,"2017",0.19499999284744263,0.15299999713897705,0.2370000034570694,"mariposa-county-ca"
"04000US06","California","05000US06045","Mendocino County, CA",2017,"2017",0.2759999930858612,0.2549999952316284,0.296999990940094,"mendocino-county-ca"
"04000US06","California","05000US06047","Merced County, CA",2017,"2017",0.2619999945163727,0.25,0.2750000059604645,"merced-county-ca"
"04000US06","California","05000US06049","Modoc County, CA",2017,"2017",0.19099999964237213,0.14100000262260437,0.2409999966621399,"modoc-county-ca"
"04000US06","California","05000US06051","Mono County, CA",2017,"2017",0.22100000083446503,0.15800000727176666,0.2840000092983246,"mono-county-ca"
"04000US06","California","05000US06053","Monterey County, CA",2017,"2017",0.3089999854564667,0.29899999499320984,0.3190000057220459,"monterey-county-ca"
"04000US06","California","05000US06055","Napa County, CA",2017,"2017",0.24500000476837158,0.2280000001192093,0.2619999945163727,"napa-county-ca"
"04000US06","California","05000US06057","Nevada County, CA",2017,"2017",0.23100000619888306,0.21199999749660492,0.24899999797344208,"nevada-county-ca"
"04000US06","California","05000US06059","Orange County, CA",2017,"2017",0.2840000092983246,0.2809999883174896,0.2879999876022339,"orange-county-ca"
"04000US06","California","05000US06061","Placer County, CA",2017,"2017",0.20200000703334808,0.19300000369548798,0.210999995470047,"placer-county-ca"
"04000US06","California","05000US06063","Plumas County, CA",2017,"2017",0.21199999749660492,0.17599999904632568,0.24899999797344208,"plumas-county-ca"
"04000US06","California","05000US06065","Riverside County, CA",2017,"2017",0.2750000059604645,0.27000001072883606,0.2800000011920929,"riverside-county-ca"
"04000US06","California","05000US06067","Sacramento County, CA",2017,"2017",0.23899999260902405,0.23399999737739563,0.24500000476837158,"sacramento-county-ca"
"04000US06","California","05000US06069","San Benito County, CA",2017,"2017",0.2770000100135803,0.24899999797344208,0.3050000071525574,"san-benito-county-ca"
"04000US06","California","05000US06071","San Bernardino County, CA",2017,"2017",0.28200000524520874,0.2759999930858612,0.28700000047683716,"san-bernardino-county-ca"
"04000US06","California","05000US06073","San Diego County, CA",2017,"2017",0.2619999945163727,0.257999986410141,0.26600000262260437,"san-diego-county-ca"
"04000US06","California","05000US06075","San Francisco County, CA",2017,"2017",0.26899999380111694,0.2630000114440918,0.2759999930858612,"san-francisco-county-ca"
"04000US06","California","05000US06077","San Joaquin County, CA",2017,"2017",0.2720000147819519,0.2639999985694885,0.2809999883174896,"san-joaquin-county-ca"
"04000US06","California","05000US06079","San Luis Obispo County, CA",2017,"2017",0.24500000476837158,0.23199999332427979,0.257999986410141,"san-luis-obispo-county-ca"
"04000US06","California","05000US06081","San Mateo County, CA",2017,"2017",0.24500000476837158,0.2370000034570694,0.25200000405311584,"san-mateo-county-ca"
"04000US06","California","05000US06083","Santa Barbara County, CA",2017,"2017",0.29600000381469727,0.28600001335144043,0.3059999942779541,"santa-barbara-county-ca"
"04000US06","California","05000US06085","Santa Clara County, CA",2017,"2017",0.24199999868869781,0.2370000034570694,0.24699999392032623,"santa-clara-county-ca"
"04000US06","California","05000US06087","Santa Cruz County, CA",2017,"2017",0.27399998903274536,0.2619999945163727,0.28700000047683716,"santa-cruz-county-ca"
"04000US06","California","05000US06089","Shasta County, CA",2017,"2017",0.22699999809265137,0.21299999952316284,0.23999999463558197,"shasta-county-ca"
"04000US06","California","05000US06091","Sierra County, CA",2017,"2017",0.19499999284744263,0.09399999678134918,0.29600000381469727,"sierra-county-ca"
"04000US06","California","05000US06093","Siskiyou County, CA",2017,"2017",0.23899999260902405,0.21799999475479126,0.25999999046325684,"siskiyou-county-ca"
"04000US06","California","05000US06095","Solano County, CA",2017,"2017",0.23000000417232513,0.2199999988079071,0.23999999463558197,"solano-county-ca"
"04000US06","California","05000US06097","Sonoma County, CA",2017,"2017",0.24699999392032623,0.23800000548362732,0.25600001215934753,"sonoma-county-ca"
"04000US06","California","05000US06099","Stanislaus County, CA",2017,"2017",0.2709999978542328,0.25999999046325684,0.28200000524520874,"stanislaus-county-ca"
"04000US06","California","05000US06101","Sutter County, CA",2017,"2017",0.25099998712539673,0.23100000619888306,0.2709999978542328,"sutter-county-ca"
"04000US06","California","05000US06103","Tehama County, CA",2017,"2017",0.1899999976158142,0.1679999977350235,0.21299999952316284,"tehama-county-ca"
"04000US06","California","05000US06105","Trinity County, CA",2017,"2017",0.20200000703334808,0.15600000321865082,0.24799999594688416,"trinity-county-ca"
"04000US06","California","05000US06107","Tulare County, CA",2017,"2017",0.2809999883174896,0.2709999978542328,0.2919999957084656,"tulare-county-ca"
"04000US06","California","05000US06109","Tuolumne County, CA",2017,"2017",0.22499999403953552,0.1979999989271164,0.25200000405311584,"tuolumne-county-ca"
"04000US06","California","05000US06111","Ventura County, CA",2017,"2017",0.25099998712539673,0.24400000274181366,0.257999986410141,"ventura-county-ca"
"04000US06","California","05000US06113","Yolo County, CA",2017,"2017",0.24199999868869781,0.2280000001192093,0.25699999928474426,"yolo-county-ca"
"04000US06","California","05000US06115","Yuba County, CA",2017,"2017",0.24799999594688416,0.2240000069141388,0.27300000190734863,"yuba-county-ca"
"04000US06","California","05000US06001","Alameda County, CA",2016,"2016",0.25099998712539673,0.2460000067949295,0.25600001215934753,"alameda-county-ca"
"04000US06","California","05000US06003","Alpine County, CA",2016,"2016",0.14300000667572021,0.0689999982714653,0.21699999272823334,"alpine-county-ca"
"04000US06","California","05000US06005","Amador County, CA",2016,"2016",0.21799999475479126,0.1889999955892563,0.24699999392032623,"amador-county-ca"
"04000US06","California","05000US06007","Butte County, CA",2016,"2016",0.2370000034570694,0.22499999403953552,0.24899999797344208,"butte-county-ca"
"04000US06","California","05000US06009","Calaveras County, CA",2016,"2016",0.20999999344348907,0.17800000309944153,0.24300000071525574,"calaveras-county-ca"
"04000US06","California","05000US06011","Colusa County, CA",2016,"2016",0.1889999955892563,0.15199999511241913,0.22599999606609344,"colusa-county-ca"
"04000US06","California","05000US06013","Contra Costa County, CA",2016,"2016",0.23399999737739563,0.22699999809265137,0.2409999966621399,"contra-costa-county-ca"
"04000US06","California","05000US06015","Del Norte County, CA",2016,"2016",0.24400000274181366,0.20200000703334808,0.2849999964237213,"del-norte-county-ca"
"04000US06","California","05000US06017","El Dorado County, CA",2016,"2016",0.20900000631809235,0.1940000057220459,0.22499999403953552,"el-dorado-county-ca"
"04000US06","California","05000US06019","Fresno County, CA",2016,"2016",0.2919999957084656,0.2849999964237213,0.29899999499320984,"fresno-county-ca"
"04000US06","California","05000US06021","Glenn County, CA",2016,"2016",0.210999995470047,0.17499999701976776,0.24699999392032623,"glenn-county-ca"
"04000US06","California","05000US06023","Humboldt County, CA",2016,"2016",0.25999999046325684,0.24500000476837158,0.2750000059604645,"humboldt-county-ca"
"04000US06","California","05000US06025","Imperial County, CA",2016,"2016",0.2800000011920929,0.2619999945163727,0.2980000078678131,"imperial-county-ca"
"04000US06","California","05000US06027","Inyo County, CA",2016,"2016",0.1979999989271164,0.16300000250339508,0.23399999737739563,"inyo-county-ca"
"04000US06","California","05000US06029","Kern County, CA",2016,"2016",0.2669999897480011,0.25999999046325684,0.2750000059604645,"kern-county-ca"
"04000US06","California","05000US06031","Kings County, CA",2016,"2016",0.24500000476837158,0.22599999606609344,0.2630000114440918,"kings-county-ca"
"04000US06","California","05000US06033","Lake County, CA",2016,"2016",0.2840000092983246,0.25699999928474426,0.3109999895095825,"lake-county-ca"
"04000US06","California","05000US06035","Lassen County, CA",2016,"2016",0.20000000298023224,0.16200000047683716,0.2370000034570694,"lassen-county-ca"
"04000US06","California","05000US06037","Los Angeles County, CA",2016,"2016",0.3479999899864197,0.3449999988079071,0.3499999940395355,"los-angeles-county-ca"
"04000US06","California","05000US06039","Madera County, CA",2016,"2016",0.2809999883174896,0.26100000739097595,0.30000001192092896,"madera-county-ca"
"04000US06","California","05000US06041","Marin County, CA",2016,"2016",0.24400000274181366,0.2329999953508377,0.2549999952316284,"marin-county-ca"
"04000US06","California","05000US06043","Mariposa County, CA",2016,"2016",0.18400000035762787,0.1420000046491623,0.22599999606609344,"mariposa-county-ca"
"04000US06","California","05000US06045","Mendocino County, CA",2016,"2016",0.2800000011920929,0.257999986410141,0.3009999990463257,"mendocino-county-ca"
"04000US06","California","05000US06047","Merced County, CA",2016,"2016",0.2709999978542328,0.25699999928474426,0.28600001335144043,"merced-county-ca"
"04000US06","California","05000US06049","Modoc County, CA",2016,"2016",0.19200000166893005,0.14300000667572021,0.2409999966621399,"modoc-county-ca"
"04000US06","California","05000US06051","Mono County, CA",2016,"2016",0.2619999945163727,0.19499999284744263,0.32899999618530273,"mono-county-ca"
"04000US06","California","05000US06053","Monterey County, CA",2016,"2016",0.3070000112056732,0.296999990940094,0.3179999887943268,"monterey-county-ca"
"04000US06","California","05000US06055","Napa County, CA",2016,"2016",0.24899999797344208,0.2329999953508377,0.26499998569488525,"napa-county-ca"
"04000US06","California","05000US06057","Nevada County, CA",2016,"2016",0.2370000034570694,0.21899999678134918,0.25600001215934753,"nevada-county-ca"
"04000US06","California","05000US06059","Orange County, CA",2016,"2016",0.28700000047683716,0.28299999237060547,0.29100000858306885,"orange-county-ca"
"04000US06","California","05000US06061","Placer County, CA",2016,"2016",0.20200000703334808,0.19200000166893005,0.21199999749660492,"placer-county-ca"
"04000US06","California","05000US06063","Plumas County, CA",2016,"2016",0.20499999821186066,0.17100000381469727,0.23899999260902405,"plumas-county-ca"
"04000US06","California","05000US06065","Riverside County, CA",2016,"2016",0.2840000092983246,0.27900001406669617,0.289000004529953,"riverside-county-ca"
"04000US06","California","05000US06067","Sacramento County, CA",2016,"2016",0.23899999260902405,0.23399999737739563,0.24400000274181366,"sacramento-county-ca"
"04000US06","California","05000US06069","San Benito County, CA",2016,"2016",0.30000001192092896,0.2669999897480011,0.3330000042915344,"san-benito-county-ca"
"04000US06","California","05000US06071","San Bernardino County, CA",2016,"2016",0.2879999876022339,0.28200000524520874,0.2930000126361847,"san-bernardino-county-ca"
"04000US06","California","05000US06073","San Diego County, CA",2016,"2016",0.26600000262260437,0.2619999945163727,0.27000001072883606,"san-diego-county-ca"
"04000US06","California","05000US06075","San Francisco County, CA",2016,"2016",0.27300000190734863,0.26600000262260437,0.2809999883174896,"san-francisco-county-ca"
"04000US06","California","05000US06077","San Joaquin County, CA",2016,"2016",0.28200000524520874,0.27300000190734863,0.29100000858306885,"san-joaquin-county-ca"
"04000US06","California","05000US06079","San Luis Obispo County, CA",2016,"2016",0.2460000067949295,0.23399999737739563,0.257999986410141,"san-luis-obispo-county-ca"
"04000US06","California","05000US06081","San Mateo County, CA",2016,"2016",0.25,0.24300000071525574,0.25699999928474426,"san-mateo-county-ca"
"04000US06","California","05000US06083","Santa Barbara County, CA",2016,"2016",0.29100000858306885,0.2809999883174896,0.3009999990463257,"santa-barbara-county-ca"
"04000US06","California","05000US06085","Santa Clara County, CA",2016,"2016",0.24199999868869781,0.2370000034570694,0.2460000067949295,"santa-clara-county-ca"
"04000US06","California","05000US06087","Santa Cruz County, CA",2016,"2016",0.27000001072883606,0.257999986410141,0.28299999237060547,"santa-cruz-county-ca"
"04000US06","California","05000US06089","Shasta County, CA",2016,"2016",0.2240000069141388,0.21299999952316284,0.23600000143051147,"shasta-county-ca"
"04000US06","California","05000US06091","Sierra County, CA",2016,"2016",0.164000004529953,0.08799999952316284,0.23999999463558197,"sierra-county-ca"
"04000US06","California","05000US06093","Siskiyou County, CA",2016,"2016",0.2460000067949295,0.22300000488758087,0.26899999380111694,"siskiyou-county-ca"
"04000US06","California","05000US06095","Solano County, CA",2016,"2016",0.23399999737739563,0.22300000488758087,0.24400000274181366,"solano-county-ca"
"04000US06","California","05000US06097","Sonoma County, CA",2016,"2016",0.25,0.24199999868869781,0.2590000033378601,"sonoma-county-ca"
"04000US06","California","05000US06099","Stanislaus County, CA",2016,"2016",0.2759999930858612,0.26499998569488525,0.28700000047683716,"stanislaus-county-ca"
"04000US06","California","05000US06101","Sutter County, CA",2016,"2016",0.24899999797344208,0.2290000021457672,0.2680000066757202,"sutter-county-ca"
"04000US06","California","05000US06103","Tehama County, CA",2016,"2016",0.20999999344348907,0.18799999356269836,0.23199999332427979,"tehama-county-ca"
"04000US06","California","05000US06105","Trinity County, CA",2016,"2016",0.17800000309944153,0.14100000262260437,0.2150000035762787,"trinity-county-ca"
"04000US06","California","05000US06107","Tulare County, CA",2016,"2016",0.28700000047683716,0.2759999930858612,0.2980000078678131,"tulare-county-ca"
"04000US06","California","05000US06109","Tuolumne County, CA",2016,"2016",0.21299999952316284,0.18799999356269836,0.23800000548362732,"tuolumne-county-ca"
"04000US06","California","05000US06111","Ventura County, CA",2016,"2016",0.2529999911785126,0.24500000476837158,0.26100000739097595,"ventura-county-ca"
"04000US06","California","05000US06113","Yolo County, CA",2016,"2016",0.2460000067949295,0.23100000619888306,0.26100000739097595,"yolo-county-ca"
"04000US06","California","05000US06115","Yuba County, CA",2016,"2016",0.24400000274181366,0.21899999678134918,0.2680000066757202,"yuba-county-ca"
"04000US06","California","05000US06001","Alameda County, CA",2015,"2015",0.2549999952316284,0.24899999797344208,0.25999999046325684,"alameda-county-ca"
"04000US06","California","05000US06003","Alpine County, CA",2015,"2015",0.210999995470047,0.12099999934434891,0.3009999990463257,"alpine-county-ca"
"04000US06","California","05000US06005","Amador County, CA",2015,"2015",0.1979999989271164,0.16899999976158142,0.22699999809265137,"amador-county-ca"
"04000US06","California","05000US06007","Butte County, CA",2015,"2015",0.23199999332427979,0.21899999678134918,0.2460000067949295,"butte-county-ca"
"04000US06","California","05000US06009","Calaveras County, CA",2015,"2015",0.19499999284744263,0.16599999368190765,0.2240000069141388,"calaveras-county-ca"
"04000US06","California","05000US06011","Colusa County, CA",2015,"2015",0.21699999272823334,0.18000000715255737,0.2529999911785126,"colusa-county-ca"
"04000US06","California","05000US06013","Contra Costa County, CA",2015,"2015",0.23800000548362732,0.23100000619888306,0.24400000274181366,"contra-costa-county-ca"
"04000US06","California","05000US06015","Del Norte County, CA",2015,"2015",0.24199999868869781,0.20100000500679016,0.28299999237060547,"del-norte-county-ca"
"04000US06","California","05000US06017","El Dorado County, CA",2015,"2015",0.21199999749660492,0.19699999690055847,0.22699999809265137,"el-dorado-county-ca"
"04000US06","California","05000US06019","Fresno County, CA",2015,"2015",0.2879999876022339,0.2809999883174896,0.29499998688697815,"fresno-county-ca"
"04000US06","California","05000US06021","Glenn County, CA",2015,"2015",0.19900000095367432,0.16099999845027924,0.23800000548362732,"glenn-county-ca"
"04000US06","California","05000US06023","Humboldt County, CA",2015,"2015",0.2529999911785126,0.23499999940395355,0.2709999978542328,"humboldt-county-ca"
"04000US06","California","05000US06025","Imperial County, CA",2015,"2015",0.28600001335144043,0.2680000066757202,0.30300000309944153,"imperial-county-ca"
"04000US06","California","05000US06027","Inyo County, CA",2015,"2015",0.20399999618530273,0.17000000178813934,0.23800000548362732,"inyo-county-ca"
"04000US06","California","05000US06029","Kern County, CA",2015,"2015",0.27000001072883606,0.2619999945163727,0.27799999713897705,"kern-county-ca"
"04000US06","California","05000US06031","Kings County, CA",2015,"2015",0.2370000034570694,0.21799999475479126,0.25699999928474426,"kings-county-ca"
"04000US06","California","05000US06033","Lake County, CA",2015,"2015",0.2639999985694885,0.2370000034570694,0.29100000858306885,"lake-county-ca"
"04000US06","California","05000US06035","Lassen County, CA",2015,"2015",0.21699999272823334,0.17599999904632568,0.257999986410141,"lassen-county-ca"
"04000US06","California","05000US06037","Los Angeles County, CA",2015,"2015",0.34599998593330383,0.3440000116825104,0.3490000069141388,"los-angeles-county-ca"
"04000US06","California","05000US06039","Madera County, CA",2015,"2015",0.2709999978542328,0.25200000405311584,0.28999999165534973,"madera-county-ca"
"04000US06","California","05000US06041","Marin County, CA",2015,"2015",0.23600000143051147,0.2240000069141388,0.24899999797344208,"marin-county-ca"
"04000US06","California","05000US06043","Mariposa County, CA",2015,"2015",0.18199999630451202,0.1420000046491623,0.22200000286102295,"mariposa-county-ca"
"04000US06","California","05000US06045","Mendocino County, CA",2015,"2015",0.2800000011920929,0.2590000033378601,0.3009999990463257,"mendocino-county-ca"
"04000US06","California","05000US06047","Merced County, CA",2015,"2015",0.2840000092983246,0.2709999978542328,0.2980000078678131,"merced-county-ca"
"04000US06","California","05000US06049","Modoc County, CA",2015,"2015",0.21299999952316284,0.1599999964237213,0.26600000262260437,"modoc-county-ca"
"04000US06","California","05000US06051","Mono County, CA",2015,"2015",0.257999986410141,0.1889999955892563,0.32600000500679016,"mono-county-ca"
"04000US06","California","05000US06053","Monterey County, CA",2015,"2015",0.30399999022483826,0.2930000126361847,0.3149999976158142,"monterey-county-ca"
"04000US06","California","05000US06055","Napa County, CA",2015,"2015",0.2540000081062317,0.2370000034570694,0.2720000147819519,"napa-county-ca"
"04000US06","California","05000US06057","Nevada County, CA",2015,"2015",0.24500000476837158,0.22499999403953552,0.26499998569488525,"nevada-county-ca"
"04000US06","California","05000US06059","Orange County, CA",2015,"2015",0.2879999876022339,0.2840000092983246,0.2919999957084656,"orange-county-ca"
"04000US06","California","05000US06061","Placer County, CA",2015,"2015",0.19900000095367432,0.1889999955892563,0.20900000631809235,"placer-county-ca"
"04000US06","California","05000US06063","Plumas County, CA",2015,"2015",0.21899999678134918,0.17900000512599945,0.25999999046325684,"plumas-county-ca"
"04000US06","California","05000US06065","Riverside County, CA",2015,"2015",0.2840000092983246,0.27900001406669617,0.289000004529953,"riverside-county-ca"
"04000US06","California","05000US06067","Sacramento County, CA",2015,"2015",0.23600000143051147,0.23000000417232513,0.24199999868869781,"sacramento-county-ca"
"04000US06","California","05000US06069","San Benito County, CA",2015,"2015",0.2919999957084656,0.25699999928474426,0.32600000500679016,"san-benito-county-ca"
"04000US06","California","05000US06071","San Bernardino County, CA",2015,"2015",0.2879999876022339,0.28299999237060547,0.2939999997615814,"san-bernardino-county-ca"
"04000US06","California","05000US06073","San Diego County, CA",2015,"2015",0.26600000262260437,0.2619999945163727,0.27000001072883606,"san-diego-county-ca"
"04000US06","California","05000US06075","San Francisco County, CA",2015,"2015",0.2669999897480011,0.26100000739097595,0.27399998903274536,"san-francisco-county-ca"
"04000US06","California","05000US06077","San Joaquin County, CA",2015,"2015",0.289000004529953,0.27900001406669617,0.2980000078678131,"san-joaquin-county-ca"
"04000US06","California","05000US06079","San Luis Obispo County, CA",2015,"2015",0.25,0.2370000034570694,0.2630000114440918,"san-luis-obispo-county-ca"
"04000US06","California","05000US06081","San Mateo County, CA",2015,"2015",0.24899999797344208,0.24199999868869781,0.25600001215934753,"san-mateo-county-ca"
"04000US06","California","05000US06083","Santa Barbara County, CA",2015,"2015",0.28999999165534973,0.2800000011920929,0.30000001192092896,"santa-barbara-county-ca"
"04000US06","California","05000US06085","Santa Clara County, CA",2015,"2015",0.24300000071525574,0.23800000548362732,0.24799999594688416,"santa-clara-county-ca"
"04000US06","California","05000US06087","Santa Cruz County, CA",2015,"2015",0.27799999713897705,0.26600000262260437,0.28999999165534973,"santa-cruz-county-ca"
"04000US06","California","05000US06089","Shasta County, CA",2015,"2015",0.23199999332427979,0.21699999272823334,0.24799999594688416,"shasta-county-ca"
"04000US06","California","05000US06091","Sierra County, CA",2015,"2015",0.18400000035762787,0.10300000011920929,0.26600000262260437,"sierra-county-ca"
"04000US06","California","05000US06093","Siskiyou County, CA",2015,"2015",0.24500000476837158,0.21899999678134918,0.2709999978542328,"siskiyou-county-ca"
"04000US06","California","05000US06095","Solano County, CA",2015,"2015",0.23499999940395355,0.22499999403953552,0.24500000476837158,"solano-county-ca"
"04000US06","California","05000US06097","Sonoma County, CA",2015,"2015",0.24799999594688416,0.23800000548362732,0.25699999928474426,"sonoma-county-ca"
"04000US06","California","05000US06099","Stanislaus County, CA",2015,"2015",0.2750000059604645,0.26499998569488525,0.2849999964237213,"stanislaus-county-ca"
"04000US06","California","05000US06101","Sutter County, CA",2015,"2015",0.25,0.23100000619888306,0.26899999380111694,"sutter-county-ca"
"04000US06","California","05000US06103","Tehama County, CA",2015,"2015",0.23600000143051147,0.21299999952316284,0.2590000033378601,"tehama-county-ca"
"04000US06","California","05000US06105","Trinity County, CA",2015,"2015",0.15299999713897705,0.12300000339746475,0.18299999833106995,"trinity-county-ca"
"04000US06","California","05000US06107","Tulare County, CA",2015,"2015",0.27799999713897705,0.2680000066757202,0.2879999876022339,"tulare-county-ca"
"04000US06","California","05000US06109","Tuolumne County, CA",2015,"2015",0.22100000083446503,0.1940000057220459,0.24799999594688416,"tuolumne-county-ca"
"04000US06","California","05000US06111","Ventura County, CA",2015,"2015",0.2540000081062317,0.24699999392032623,0.26100000739097595,"ventura-county-ca"
"04000US06","California","05000US06113","Yolo County, CA",2015,"2015",0.2540000081062317,0.23999999463558197,0.26899999380111694,"yolo-county-ca"
"04000US06","California","05000US06115","Yuba County, CA",2015,"2015",0.2409999966621399,0.21799999475479126,0.2630000114440918,"yuba-county-ca"
"04000US06","California","05000US06001","Alameda County, CA",2014,"2014",0.2549999952316284,0.25,0.25999999046325684,"alameda-county-ca"
"04000US06","California","05000US06003","Alpine County, CA",2014,"2014",0.2199999988079071,0.10599999874830246,0.3330000042915344,"alpine-county-ca"
"04000US06","California","05000US06005","Amador County, CA",2014,"2014",0.19099999964237213,0.16300000250339508,0.21899999678134918,"amador-county-ca"
"04000US06","California","05000US06007","Butte County, CA",2014,"2014",0.22499999403953552,0.21400000154972076,0.2370000034570694,"butte-county-ca"
"04000US06","California","05000US06009","Calaveras County, CA",2014,"2014",0.17599999904632568,0.1509999930858612,0.20100000500679016,"calaveras-county-ca"
"04000US06","California","05000US06011","Colusa County, CA",2014,"2014",0.20800000429153442,0.16500000655651093,0.25200000405311584,"colusa-county-ca"
"04000US06","California","05000US06013","Contra Costa County, CA",2014,"2014",0.23499999940395355,0.2280000001192093,0.2409999966621399,"contra-costa-county-ca"
"04000US06","California","05000US06015","Del Norte County, CA",2014,"2014",0.23600000143051147,0.1940000057220459,0.2770000100135803,"del-norte-county-ca"
"04000US06","California","05000US06017","El Dorado County, CA",2014,"2014",0.20800000429153442,0.1940000057220459,0.22300000488758087,"el-dorado-county-ca"
"04000US06","California","05000US06019","Fresno County, CA",2014,"2014",0.2840000092983246,0.2770000100135803,0.29100000858306885,"fresno-county-ca"
"04000US06","California","05000US06021","Glenn County, CA",2014,"2014",0.20100000500679016,0.164000004529953,0.23800000548362732,"glenn-county-ca"
"04000US06","California","05000US06023","Humboldt County, CA",2014,"2014",0.2460000067949295,0.2290000021457672,0.2619999945163727,"humboldt-county-ca"
"04000US06","California","05000US06025","Imperial County, CA",2014,"2014",0.27799999713897705,0.2619999945163727,0.29499998688697815,"imperial-county-ca"
"04000US06","California","05000US06027","Inyo County, CA",2014,"2014",0.20399999618530273,0.1720000058412552,0.2370000034570694,"inyo-county-ca"
"04000US06","California","05000US06029","Kern County, CA",2014,"2014",0.2680000066757202,0.2590000033378601,0.2759999930858612,"kern-county-ca"
"04000US06","California","05000US06031","Kings County, CA",2014,"2014",0.23800000548362732,0.21799999475479126,0.2590000033378601,"kings-county-ca"
"04000US06","California","05000US06033","Lake County, CA",2014,"2014",0.2590000033378601,0.23000000417232513,0.28700000047683716,"lake-county-ca"
"04000US06","California","05000US06035","Lassen County, CA",2014,"2014",0.22699999809265137,0.18299999833106995,0.27000001072883606,"lassen-county-ca"
"04000US06","California","05000US06037","Los Angeles County, CA",2014,"2014",0.34200000762939453,0.3400000035762787,0.3449999988079071,"los-angeles-county-ca"
"04000US06","California","05000US06039","Madera County, CA",2014,"2014",0.2849999964237213,0.2630000114440918,0.3059999942779541,"madera-county-ca"
"04000US06","California","05000US06041","Marin County, CA",2014,"2014",0.23899999260902405,0.22699999809265137,0.25,"marin-county-ca"
"04000US06","California","05000US06043","Mariposa County, CA",2014,"2014",0.18299999833106995,0.13699999451637268,0.2280000001192093,"mariposa-county-ca"
"04000US06","California","05000US06045","Mendocino County, CA",2014,"2014",0.28700000047683716,0.26499998569488525,0.3089999854564667,"mendocino-county-ca"
"04000US06","California","05000US06047","Merced County, CA",2014,"2014",0.2879999876022339,0.2720000147819519,0.30399999022483826,"merced-county-ca"
"04000US06","California","05000US06049","Modoc County, CA",2014,"2014",0.17499999701976776,0.12800000607967377,0.22200000286102295,"modoc-county-ca"
"04000US06","California","05000US06051","Mono County, CA",2014,"2014",0.22699999809265137,0.16300000250339508,0.29100000858306885,"mono-county-ca"
"04000US06","California","05000US06053","Monterey County, CA",2014,"2014",0.3009999990463257,0.28999999165534973,0.31200000643730164,"monterey-county-ca"
"04000US06","California","05000US06055","Napa County, CA",2014,"2014",0.25600001215934753,0.23999999463558197,0.27300000190734863,"napa-county-ca"
"04000US06","California","05000US06057","Nevada County, CA",2014,"2014",0.2329999953508377,0.2150000035762787,0.25,"nevada-county-ca"
"04000US06","California","05000US06059","Orange County, CA",2014,"2014",0.2849999964237213,0.2809999883174896,0.289000004529953,"orange-county-ca"
"04000US06","California","05000US06061","Placer County, CA",2014,"2014",0.19200000166893005,0.18299999833106995,0.20100000500679016,"placer-county-ca"
"04000US06","California","05000US06063","Plumas County, CA",2014,"2014",0.22599999606609344,0.17900000512599945,0.27300000190734863,"plumas-county-ca"
"04000US06","California","05000US06065","Riverside County, CA",2014,"2014",0.28299999237060547,0.2770000100135803,0.2879999876022339,"riverside-county-ca"
"04000US06","California","05000US06067","Sacramento County, CA",2014,"2014",0.23199999332427979,0.22699999809265137,0.2370000034570694,"sacramento-county-ca"
"04000US06","California","05000US06069","San Benito County, CA",2014,"2014",0.3089999854564667,0.2759999930858612,0.34299999475479126,"san-benito-county-ca"
"04000US06","California","05000US06071","San Bernardino County, CA",2014,"2014",0.2840000092983246,0.27900001406669617,0.28999999165534973,"san-bernardino-county-ca"
"04000US06","California","05000US06073","San Diego County, CA",2014,"2014",0.26499998569488525,0.26100000739097595,0.26899999380111694,"san-diego-county-ca"
"04000US06","California","05000US06075","San Francisco County, CA",2014,"2014",0.2590000033378601,0.2529999911785126,0.26600000262260437,"san-francisco-county-ca"
"04000US06","California","05000US06077","San Joaquin County, CA",2014,"2014",0.28600001335144043,0.2770000100135803,0.29499998688697815,"san-joaquin-county-ca"
"04000US06","California","05000US06079","San Luis Obispo County, CA",2014,"2014",0.25099998712539673,0.23800000548362732,0.2639999985694885,"san-luis-obispo-county-ca"
"04000US06","California","05000US06081","San Mateo County, CA",2014,"2014",0.24799999594688416,0.23999999463558197,0.2549999952316284,"san-mateo-county-ca"
"04000US06","California","05000US06083","Santa Barbara County, CA",2014,"2014",0.2879999876022339,0.27900001406669617,0.29600000381469727,"santa-barbara-county-ca"
"04000US06","California","05000US06085","Santa Clara County, CA",2014,"2014",0.24199999868869781,0.2370000034570694,0.24699999392032623,"santa-clara-county-ca"
"04000US06","California","05000US06087","Santa Cruz County, CA",2014,"2014",0.2750000059604645,0.2619999945163727,0.28700000047683716,"santa-cruz-county-ca"
"04000US06","California","05000US06089","Shasta County, CA",2014,"2014",0.2290000021457672,0.21400000154972076,0.24400000274181366,"shasta-county-ca"
"04000US06","California","05000US06091","Sierra County, CA",2014,"2014",0.17100000381469727,0.08299999684095383,0.2590000033378601,"sierra-county-ca"
"04000US06","California","05000US06093","Siskiyou County, CA",2014,"2014",0.2370000034570694,0.2150000035762787,0.2590000033378601,"siskiyou-county-ca"
"04000US06","California","05000US06095","Solano County, CA",2014,"2014",0.2370000034570694,0.2280000001192093,0.2460000067949295,"solano-county-ca"
"04000US06","California","05000US06097","Sonoma County, CA",2014,"2014",0.25,0.2409999966621399,0.2590000033378601,"sonoma-county-ca"
"04000US06","California","05000US06099","Stanislaus County, CA",2014,"2014",0.27300000190734863,0.2639999985694885,0.28299999237060547,"stanislaus-county-ca"
"04000US06","California","05000US06101","Sutter County, CA",2014,"2014",0.23999999463558197,0.22100000083446503,0.25999999046325684,"sutter-county-ca"
"04000US06","California","05000US06103","Tehama County, CA",2014,"2014",0.2290000021457672,0.20499999821186066,0.25200000405311584,"tehama-county-ca"
"04000US06","California","05000US06105","Trinity County, CA",2014,"2014",0.15399999916553497,0.12300000339746475,0.1860000044107437,"trinity-county-ca"
"04000US06","California","05000US06107","Tulare County, CA",2014,"2014",0.2759999930858612,0.26499998569488525,0.28600001335144043,"tulare-county-ca"
"04000US06","California","05000US06109","Tuolumne County, CA",2014,"2014",0.22499999403953552,0.19699999690055847,0.25200000405311584,"tuolumne-county-ca"
"04000US06","California","05000US06111","Ventura County, CA",2014,"2014",0.24899999797344208,0.2409999966621399,0.25699999928474426,"ventura-county-ca"
"04000US06","California","05000US06113","Yolo County, CA",2014,"2014",0.24699999392032623,0.23199999332427979,0.2619999945163727,"yolo-county-ca"
"04000US06","California","05000US06115","Yuba County, CA",2014,"2014",0.23600000143051147,0.210999995470047,0.26100000739097595,"yuba-county-ca"